id	municipality	district id	district	number of polling stations	number of municipal units	registered voters	valid votes	invalid votes	blank votes	Νέα Δημοκρατία	Κ.Κ.Ε. - ΚΟΜΜΟΥΝΙΣΤΙΚΟ ΚΟΜΜΑ ΕΛΛΑΔΑΣ	ΣΥΝΑΣΠΙΣΜΟΣ ΡΙΖΟΣΠΑΣΤΙΚΗΣ ΑΡΙΣΤΕΡΑΣ-ΣΥΡΙΖΑ	Α.Σ.Κ.Ε.	ΜΑΡΞΙΣΤΙΚΟ-ΛΕΝΙΝΙΣΤΙΚΟ ΚΚΕ	Ο.Α.Κ.Κ.Ε. Οργάνωση για την Ανασυγκρότηση του ΚΚΕ	Ενωση Κεντρώων	ΛΑΪΚΟΣ ΟΡΘΟΔΟΞΟΣ ΣΥΝΑΓΕΡΜΟΣ (ΛΑ.Ο.Σ.)	Δημ. Βεργής Ελληνες ΟΙΚΟΛΟΓΟΙ	Ευρωπαϊκή Ελεύθερη Συμμαχία - Ουράνιο Τόξο	ΕΕΚ ΤΡΟΤΣΚΙΣΤΕΣ - ΕΡΓΑΤΙΚΟ ΕΠΑΝΑΣΤΑΤΙΚΟ ΚΟΜΜΑ 	Λαικός Σύνδεσμος - Χρυσή Αυγή	ΚΟΙΝΩΝΙΑ	Κόμμα Ελλήνων Κυνηγών (Φύση - Κυνήγι - Ψάρεμα - Παράδοση)	Αντικαπιταλιστική Αριστερή Συνεργασία (ΑΝΤ.ΑΡ.ΣΥ.Α.)	ΛΕΥΚΟ	Δημοκρατική Αριστερά - Προοδευτική Συνεργασία	Ανεξάρτητοι Ελληνες - Πάνος Καμμένος	Σύνδεσμος Εθνικής Ενότητας	ΠΑΝΑΘΗΝΑΪΚΟ ΚΙΝΗΜΑ	ΟΡΓΑΝΩΣΗ ΚΟΜΜΟΥΝΙΣΤΩΝ ΔΙΕΘΝΙΣΤΩΝ ΕΛΛΑΔΑΣ 	Κ.Ε.ΑΝ. ΚΙΝΗΜΑ ΕΘΝΙΚΗΣ ΑΝΤΙΣΤΑΣΗΣ	ΑΝ.ΑΝ.ΑΡΙΣΤ., ΑΝ.ΔΕΞΙΑ, ΑΝ.ΠΑΣΟΚ, ΑΝ.Ν.Δ., ΟΧΙ ΣΤΟΝ ΠΟΛΕΜΟ Κ. ΕΠΙΧ.ΧΑΡ.ΟΙΚ.ΧΑΡ.ΧΡΕΗ ΣΩΖΩ ΖΩΕΣ ΠΑΝ.ΕΡΓ.ΚΙΝ.ΕΛΛ. ΠΑ.Ε.Κ.Ε.	ΚΟΜΜΑ ΙΣΟΤΗΤΑΣ ΕΙΡΗΝΗΣ ΚΑΙ ΦΙΛΙΑΣ	ΕΘΝΙΚΗ ΑΥΓΗ	ΤΟ ΠΟΤΑΜΙ	ΕΝΙΑΙΟ ΠΑΛΑΙΚΟ ΜΕΤΩΠΟ (Ε.ΠΑ.Μ)	ΕΛΕΥΘΕΡΙΑ	ΕΘΝΙΚΟ ΜΕΤΩΠΟ	ΠΡΑΣΙΝΟΙ-Αλληλεγγύη, Δημιουργία, Οικολογία	ΚΟΛΛΑΤΟΣ-ΑΝΕΞΑΡΤΗΤΟ ΠΟΛΙΤΙΚΟ ΚΙΝΗΜΑ-Οικολογικό Ελληνικό	ΕΛΠΙΔΑ ΠΟΛΙΤΕΙΑΣ	ΣΧΕΔΙΟ Β΄	Σοσιαλιστικό Κόμμα	έλληνες ευρωπαίοι πολίτες	κοινωνία αξιών	Αγροτικό.Κτηνοτροφικό.Κόμμα Ελλάδας (Α.Κ.Κ.ΕΛ)	ελιά ΔΗΜΟΚΡΑΤΙΚΗ ΠΑΡΑΤΑΞΗ [(ΠΑ.ΣΟ.Κ)-Συμφ. για τη Ν. Ελλάδα-Δυν. Ελλάδα-Μεταρ/κή Αριστ.-Ν. Μετ/στές-ΠΟΛ. 2012-ΠΡΩΤ/ΛΙΑ Β΄] 	ΓΕΦΥΡΕΣ ΔΗΜΙΟΥΡΓΙΑ, ΞΑΝΑ! ΘΑΝΟΣ ΤΖΗΜΕΡΟΣ/ΔΡΑΣΗ, ΘΟΔΩΡΟΣ ΣΚΥΛΑΚΑΚΗΣ	ΔΡΑΧΜΗ [ΔΡΑΧΜΗ, Ελληνική Δημοκρατική Κίνηση Πέντε Αστέρων - Πατριωτικό Κοινωνικό Κίνημα - Ελληνικό Κοινωνικό Κίνημα]	ΟΙΚΟΛΟΓΟΙ ΠΡΑΣΙΝΟΙ - ΚΟΜΜΑ ΠΕΙΡΑΤΩΝ ΕΛΛΑΔΑΣ	ΕΝΩΣΗ ΓΙΑ ΤΗΝ ΠΑΤΡΙΔΑ ΚΑΙ ΤΟΝ ΛΑΟ [ΕΝ.ΓΙΑ ΤΗΝ ΠΑΤΡ.ΚΑΙ ΤΟΝ ΛΑΟ-Νέα Μεταρ. Ριζοσπ. Αν.-Χριστ/κό Κ. Ελλ.-Πατρ. Δίκτ. Αφύπν.]	ΠΑΤΡΙΩΤΙΚΗ ΕΝΩΣΗ-ΕΛΛ. ΛΑΪΚ. ΣΥΣΠ. (ΕΛ.ΛΑ.Σ.) [ΚΟΜ. ΕΘΝ. ΣΩΤ. (Κ.Ε.ΣΩ)-ΕΘΝ. ΛΑΪΚ. ΣΧΗΜ. (Ε.ΛΑ.Σ)-Κίν. Πολ/κής Αλήθ. (ΚΙ.Π.ΑΛ.)]
9216	Βάρης - Βούλας - Βουλιαγμένης	42	Αττικής	83	3	38148	25660	411	200	8959	804	5156	3	26	4	164	594	27	8	15	2070	126	128	129	17	334	1019	36	169	3	6	0	0	0	2180	325	0	31	137	55	29	41	56	348	116	33	1444	559	32	262	206	9
9217	Διονύσου	42	Αττικής	58	7	26490	19712	322	177	5627	917	4762	7	28	6	111	581	11	11	8	1473	159	154	158	17	261	691	30	130	6	3	0	0	0	1719	218	0	13	75	28	12	45	19	276	169	28	1194	439	23	194	105	4
9218	Κρωπίας	42	Αττικής	43	1	19398	12347	247	103	2567	511	2999	11	21	2	66	392	8	6	10	1941	136	358	60	16	99	505	20	119	5	4	0	0	0	857	187	0	16	135	27	5	15	20	141	42	54	573	120	23	111	156	9
9219	Λαυρεωτικής	42	Αττικής	44	3	20270	14675	353	185	2520	960	4861	14	25	9	85	448	8	8	9	1633	108	216	116	36	111	687	29	158	8	9	0	0	0	815	134	0	38	70	28	17	22	22	94	49	68	813	87	32	179	133	16
9220	Μαραθώνος	42	Αττικής	52	4	23567	14970	236	103	3508	795	4447	8	18	3	52	586	6	6	5	1465	141	121	90	10	119	437	31	124	2	2	0	0	0	1052	169	0	14	54	30	11	16	23	151	51	50	887	147	17	99	211	12
9221	Μαρκοπούλου Μεσογαίας	42	Αττικής	31	1	13165	9489	148	89	2026	375	2422	2	18	3	49	286	17	6	7	1099	99	93	86	5	79	418	21	96	2	3	0	0	0	782	147	0	11	50	26	9	28	10	114	62	62	636	117	24	105	85	9
9222	Παιανίας	42	Αττικής	39	2	17749	12861	276	121	2658	659	3427	6	18	6	81	403	13	9	1	1469	122	181	105	16	113	517	25	135	7	5	0	0	0	1069	151	0	14	59	7	7	26	20	205	42	38	745	149	18	149	175	11
9223	Παλλήνης	42	Αττικής	68	3	31095	22404	411	225	4032	1398	6875	15	33	8	152	538	5	15	9	2136	146	205	194	19	247	805	52	233	9	4	0	0	0	1844	324	0	61	114	46	35	63	42	287	115	39	1353	298	35	262	339	17
9224	Ραφήνας - Πικερμίου	42	Αττικής	29	2	13392	9979	173	80	2407	577	2714	3	18	7	48	263	4	4	7	924	55	49	90	14	143	375	80	87	6	3	0	0	0	752	112	0	8	60	26	7	21	16	145	37	11	575	129	13	105	82	2
9225	Σαρωνικού	42	Αττικής	52	5	22058	15418	332	131	3776	671	4100	2	18	3	77	460	21	7	6	1617	151	152	109	17	137	714	32	127	6	5	0	0	0	1076	196	0	30	112	32	13	27	20	160	66	45	965	162	16	132	133	25
9226	Σπάτων - Αρτέμιδος	42	Αττικής	51	2	23307	15676	345	161	2800	845	4711	7	24	5	89	533	28	4	12	2150	122	179	73	24	123	696	32	190	9	6	0	0	0	974	200	0	24	82	45	14	26	23	158	40	32	934	117	35	149	139	22
9227	Ωρωπού	42	Αττικής	52	9	24011	17680	510	229	3872	832	4817	5	17	5	84	563	15	10	11	1859	217	239	113	29	147	1201	57	159	13	11	0	0	0	1051	174	0	21	76	28	20	34	26	166	56	55	1113	133	76	138	213	24
9228	Ασπροπύργου	42	Αττικής	54	1	23556	12168	285	179	1895	1215	2846	10	89	13	45	487	6	13	17	2372	34	117	34	37	98	645	12	76	12	11	0	0	0	475	54	0	29	49	31	14	12	7	111	28	48	548	71	28	89	468	22
9229	Ελευσίνας	42	Αττικής	53	2	24746	15919	465	217	2549	1398	4775	13	44	10	115	445	12	14	8	2003	92	177	93	21	122	691	42	242	7	8	0	0	0	975	116	0	41	109	35	10	12	16	117	63	43	1046	85	26	194	135	15
9230	Μάνδρας - Ειδυλλίας	42	Αττικής	39	4	17939	12028	390	125	2192	698	3307	15	34	11	76	418	9	10	19	1680	72	141	70	31	102	523	31	123	2	12	0	0	0	624	101	0	16	68	24	13	18	14	124	72	80	936	70	22	164	90	16
9231	Μεγαρέων	42	Αττικής	62	2	28642	19562	568	267	3866	800	4635	15	40	16	126	568	16	21	25	2966	103	450	74	47	122	1310	67	210	11	10	0	0	0	1183	169	0	29	114	33	25	41	20	170	57	106	1419	164	81	169	249	35
9232	Φυλής	42	Αττικής	73	3	33504	21465	1150	432	3220	1606	6375	33	99	29	151	596	15	26	29	2950	135	427	135	73	131	822	83	255	24	21	0	0	0	1144	208	0	72	173	69	39	46	24	196	71	75	1332	131	67	294	267	22
9233	Αργους - Μυκηνών	44	Αργολίδος	102	8	44180	23928	539	215	6522	985	5795	5	21	4	111	695	25	14	9	2494	168	141	181	35	561	452	33	302	5	5	0	0	0	1893	152	0	27	134	18	27	30	52	104	60	92	2241	140	35	153	189	18
9234	Επιδαύρου	44	Αργολίδος	20	2	9118	5010	130	39	1604	155	1130	1	1	1	4	96	2	4	1	642	25	32	44	9	34	144	6	43	1	4	0	0	0	245	35	0	8	15	6	3	6	11	33	44	62	394	73	7	28	53	4
9235	Ερμιονίδας	44	Αργολίδος	27	2	12765	8532	287	115	2258	404	2031	3	8	16	26	219	5	9	8	1194	33	78	24	16	158	201	13	60	3	1	0	0	0	525	55	0	17	48	20	5	9	8	51	14	119	699	55	15	65	50	9
9236	Ναυπλιέων	44	Αργολίδος	65	4	29818	17447	319	155	4612	1143	4193	2	15	3	72	553	20	12	20	1774	94	137	137	18	303	354	32	162	5	0	0	0	0	1181	100	0	22	106	21	10	41	20	132	83	66	1527	136	50	112	171	8
9237	Βόρειας Κυνουρίας	45	Αρκαδίας	38	1	14993	7062	143	62	2254	366	1613	4	5	1	36	158	11	8	3	525	21	121	50	8	87	165	7	67	4	0	0	0	0	357	29	0	8	45	10	10	44	4	50	13	67	792	57	3	32	25	2
9238	Γορτυνίας	45	Αρκαδίας	84	8	26424	10187	275	95	2899	649	2552	4	10	1	40	247	5	9	8	727	30	228	94	19	112	243	15	58	2	2	0	0	0	449	55	0	11	33	9	4	50	76	64	35	32	1226	54	10	31	88	6
9239	Μεγαλόπολης	45	Αρκαδίας	70	3	16594	8170	212	112	1980	529	2134	3	7	0	31	493	20	7	4	771	25	124	69	6	58	225	31	54	3	2	0	0	0	416	55	0	7	52	16	3	10	8	32	25	24	750	62	11	60	55	8
9240	Νότιας Κυνουρίας	45	Αρκαδίας	25	3	10689	5561	245	95	1994	324	1025	2	8	8	43	168	13	4	6	434	23	70	38	20	71	119	27	29	6	3	0	0	0	274	31	0	9	29	4	4	7	9	30	9	30	560	32	5	65	23	5
9241	Τρίπολης	45	Αρκαδίας	141	8	61743	27609	659	351	7069	986	7037	7	24	12	116	1247	36	9	14	2678	119	456	220	30	332	573	44	209	7	5	0	0	0	1898	92	0	34	174	50	15	398	50	251	140	126	2576	217	36	168	133	21
9242	Βέλου - Βόχας	43	Κορινθίας	39	2	17755	10103	207	77	2386	256	2553	4	14	9	33	329	3	7	5	1135	54	217	50	8	115	288	20	73	2	4	0	0	0	573	223	0	12	37	17	6	15	14	78	59	60	1052	91	15	61	223	2
9243	Κορινθίων	43	Κορινθίας	107	5	50326	32763	867	377	7580	1005	8309	10	41	12	170	1125	38	17	21	3998	322	278	189	55	344	1052	70	425	11	14	0	0	0	2043	539	0	43	167	29	23	45	34	284	370	225	2896	338	49	270	298	24
9244	Λουτρακίου - Αγίων Θεοδώρων	43	Κορινθίας	38	2	18761	12979	360	123	2569	742	3661	8	22	10	91	362	11	10	19	1431	76	187	71	25	120	444	29	130	7	7	0	0	0	773	327	0	17	187	22	17	11	13	135	122	40	873	125	25	119	130	11
9245	Νεμέας	43	Κορινθίας	19	1	7903	4151	82	43	1197	104	1072	1	5	0	27	108	3	0	4	380	23	41	46	8	105	121	2	78	4	1	0	0	0	179	32	0	2	12	4	2	4	6	18	21	28	397	28	0	23	64	1
9246	Ξυλοκάστρου - Ευρωστίνης	43	Κορινθίας	56	2	21638	12583	297	151	3398	402	3330	8	9	8	65	273	12	9	3	1163	51	253	111	14	189	356	34	121	4	5	0	0	0	772	137	0	13	66	8	8	74	9	79	40	54	1154	94	19	100	131	7
9247	Σικυωνίων	43	Κορινθίας	60	3	25306	14952	433	162	3669	457	3700	3	22	6	87	410	8	17	7	1673	80	272	97	37	180	352	27	142	1	6	0	0	0	941	494	0	21	49	12	24	11	27	97	155	154	1347	100	23	126	106	12
9248	Ανατολικής Μάνης	47	Λακωνίας	69	4	22688	8035	65	115	3073	332	1132	2	6	2	17	225	6	2	6	1573	21	76	33	10	52	141	20	42	1	1	0	0	0	231	81	0	8	19	4	3	5	2	52	27	23	653	46	1	52	48	7
9249	Ελαφονήσου	47	Λακωνίας	3	1	1217	448	1	30	98	24	92	0	1	1	4	14	2	0	1	56	4	5	4	1	3	20	1	2	0	1	0	0	0	12	2	0	0	1	0	0	0	0	7	0	3	77	3	1	5	3	0
9250	Ευρώτα	47	Λακωνίας	52	5	23106	9912	70	179	2848	571	2116	6	10	7	22	170	9	3	27	1689	13	97	50	8	65	121	19	62	9	5	0	0	0	326	62	0	50	21	5	5	3	3	29	24	229	1096	40	7	37	41	7
9251	Μονεμβασίας	47	Λακωνίας	66	5	27753	10761	84	186	3754	413	2010	2	15	4	44	353	17	12	6	1349	38	185	112	7	62	240	139	52	4	2	0	0	0	469	56	0	13	33	11	4	8	8	55	15	145	929	49	26	59	50	11
9252	Σπάρτης	47	Λακωνίας	119	7	54292	20270	229	637	6050	931	4296	7	25	4	51	575	17	9	13	2970	61	224	133	10	206	377	44	147	5	8	1	0	0	1172	110	1	33	60	23	30	28	23	110	72	90	1940	114	22	157	111	10
9253	Δυτικής Μάνης	46	Μεσσηνίας	29	2	10136	5189	171	65	1762	391	1082	0	10	6	16	155	5	2	6	569	11	65	46	10	50	85	14	63	2	0	0	0	0	252	39	0	8	26	6	3	6	19	25	11	21	332	24	4	36	23	4
9254	Καλαμάτας	46	Μεσσηνίας	141	4	66349	34411	883	354	9855	2160	9043	10	31	7	170	1449	53	21	7	3917	121	255	350	34	323	685	51	255	9	4	1	0	0	2040	197	0	47	138	65	20	25	101	199	111	68	1840	265	28	292	149	15
9255	Μεσσήνης	46	Μεσσηνίας	102	8	37685	18779	623	195	6004	1175	4584	7	23	8	63	527	18	8	13	1943	52	242	171	25	136	316	54	157	4	3	0	0	0	838	127	0	28	41	18	14	19	41	109	73	88	1454	138	29	106	106	17
9256	Οιχαλίας	46	Μεσσηνίας	67	5	20234	8779	274	98	3136	458	1826	1	10	1	21	297	10	1	5	1098	21	99	50	14	62	186	15	82	4	2	0	0	0	335	43	0	19	20	9	2	15	9	47	17	52	612	43	25	39	87	6
9257	Πύλου - Νέστορος	46	Μεσσηνίας	81	6	29922	12181	341	89	4105	898	3319	0	9	3	36	245	5	2	3	1062	26	200	111	11	65	186	15	71	7	2	0	0	0	471	75	0	8	20	9	5	10	24	46	24	29	903	39	9	53	74	1
9258	Τριφυλλίας	46	Μεσσηνίας	96	6	33639	15416	434	192	5223	705	3876	6	14	17	36	320	9	9	11	1615	55	114	91	14	139	311	16	119	2	4	1	0	0	714	122	0	20	39	5	6	23	17	79	39	210	1113	62	16	95	130	19
9259	Ικαρίας 	50	Σάμου	27	3	11562	6215	184	82	1033	2042	1708	63	30	5	11	53	0	2	6	199	13	29	70	13	109	145	6	43	7	4	0	0	0	210	16	0	6	10	0	1	9	4	10	6	0	278	13	7	43	5	6
9260	Φούρνων Κορσεών	50	Σάμου	5	1	1787	811	30	5	219	213	86	1	0	0	2	7	0	1	0	24	1	6	4	0	4	7	0	2	0	0	0	0	0	21	4	0	0	1	0	0	1	1	1	0	0	201	2	0	2	0	0
9261	Λέσβου	48	Λέσβου	198	13	103449	46345	1773	745	10388	5714	12920	43	143	37	110	1178	83	23	44	3332	268	609	291	109	522	1331	84	284	30	24	0	4	0	2499	182	0	45	214	58	37	48	109	355	107	176	4069	237	57	407	153	21
9262	Αγίου Ευστρατίου	48	Λέσβου	2	1	854	60	7	3	19	5	8	0	0	0	0	0	0	0	0	5	2	2	0	1	2	4	0	1	0	2	0	0	0	3	1	0	0	0	0	0	0	0	0	0	0	4	0	1	0	0	0
9263	Λήμνου	48	Λέσβου	56	4	25550	8598	298	189	2311	767	1603	9	24	8	54	90	0	6	8	654	67	106	82	19	97	209	38	163	9	32	0	0	0	739	25	0	13	49	1	10	5	18	92	17	1	1049	45	13	108	42	15
9264	Σάμου	50	Σάμου	90	4	39264	17538	805	287	4215	2220	4171	11	55	9	64	593	0	11	15	1515	101	182	87	46	247	490	31	141	13	25	0	0	0	780	218	0	28	74	0	11	93	21	76	35	4	1553	102	28	140	118	15
9265	Οινουσσών	49	Χίου	3	1	1590	360	6	2	121	80	30	0	3	0	0	11	0	0	0	13	2	1	1	0	5	6	0	1	0	0	0	0	0	17	3	0	0	4	0	0	1	0	1	0	6	49	3	0	2	0	0
9266	Χίου	49	Χίου	145	8	61850	29219	1082	477	8943	1448	5786	20	48	18	130	684	35	23	14	1772	81	519	175	76	416	559	38	192	9	11	0	0	0	2087	80	0	20	234	43	17	40	25	181	743	70	3848	130	31	305	347	21
9267	Ψαρών	49	Χίου	2	1	651	256	6	3	89	7	55	0	0	0	2	3	1	0	0	20	4	4	1	0	3	7	0	2	0	0	0	0	0	18	0	0	0	0	0	0	0	0	0	1	2	29	2	1	1	4	0
9268	Ανδρου	51	Κυκλάδων	36	3	13011	5474	90	66	1718	210	1341	3	6	1	38	123	6	2	5	590	30	67	23	12	59	309	13	41	3	3	0	0	0	277	31	0	7	20	9	10	6	18	53	9	26	245	62	8	61	22	7
9269	Ανάφης	51	Κυκλάδων	1	1	488	225	9	2	43	17	60	0	1	0	2	3	0	0	0	9	1	8	4	0	1	16	0	3	0	1	0	0	0	14	1	0	0	0	0	0	0	0	1	0	0	35	0	0	3	2	0
9270	Θήρας	51	Κυκλάδων	29	2	14147	7456	264	137	2167	390	1463	7	25	4	24	121	21	6	7	737	96	214	36	20	95	250	8	78	2	11	0	0	0	467	148	0	7	64	13	12	10	10	33	15	10	701	32	29	94	20	9
9271	Ιητών	51	Κυκλάδων	5	1	2364	727	43	23	205	24	186	1	1	1	4	12	0	0	3	46	2	8	3	2	13	37	2	7	0	0	0	0	0	81	6	0	1	9	1	0	0	2	5	1	0	47	6	0	11	0	0
9272	Σικίνου	51	Κυκλάδων	1	1	494	197	3	1	57	43	52	0	2	2	1	3	0	0	0	7	1	2	1	1	1	2	0	0	0	0	0	0	0	6	0	0	0	1	1	0	0	0	2	0	1	9	0	0	1	1	0
9273	Φολεγάνδρου	51	Κυκλάδων	2	1	825	421	10	15	149	6	142	1	2	0	0	3	1	0	1	16	1	4	4	1	5	10	0	12	0	0	0	0	0	22	1	0	0	0	0	0	1	1	1	1	0	29	2	0	5	0	0
9274	Αγαθονησίου	52	Δωδεκανήσου	1	1	305	116	5	3	49	6	11	0	0	0	1	0	0	0	0	11	0	0	1	0	2	6	1	0	0	0	0	0	0	4	2	0	0	0	0	0	0	0	0	0	0	21	0	0	1	0	0
9275	Αστυπάλαιας	52	Δωδεκανήσου	4	1	2143	831	20	6	283	12	167	0	0	0	1	57	0	0	0	21	0	1	12	1	14	17	2	2	0	0	0	0	0	46	7	0	1	16	0	1	0	0	3	0	0	135	2	1	14	15	0
9276	Καλυμνίων	52	Δωδεκανήσου	43	1	21092	9087	278	118	2713	512	1967	9	40	3	41	131	6	0	10	447	73	246	31	33	97	725	14	59	9	5	0	0	0	492	19	0	12	52	2	18	16	11	87	29	4	969	38	25	88	40	14
9277	Λειψών	52	Δωδεκανήσου	2	1	1225	302	32	9	94	26	71	0	1	0	0	1	0	0	0	3	5	25	1	2	2	13	0	6	0	0	0	0	0	17	0	0	0	3	0	3	1	0	0	0	0	26	0	1	1	0	0
9278	Λέρου	52	Δωδεκανήσου	17	1	9026	3949	223	75	892	100	1356	5	7	1	17	108	0	0	9	293	17	44	17	10	26	277	6	38	4	6	0	0	0	199	45	0	3	28	0	9	4	5	46	3	0	288	12	9	43	15	7
9279	Πάτμου	52	Δωδεκανήσου	8	1	3411	1723	46	22	503	122	311	2	2	3	8	35	0	0	2	119	33	17	5	8	13	80	4	15	0	0	0	0	0	116	6	0	1	14	1	1	2	14	2	12	0	238	7	3	19	4	1
9280	Καρπάθου	52	Δωδεκανήσου	17	2	8709	3093	77	37	957	43	750	0	2	2	21	43	0	0	3	311	19	22	30	6	16	123	1	18	1	3	0	0	0	140	6	0	3	13	0	1	16	4	28	6	0	421	32	6	29	16	1
9281	Κάσου	52	Δωδεκανήσου	4	1	1806	627	25	7	260	12	49	0	0	0	0	3	0	0	1	35	0	1	5	3	2	5	0	50	0	0	0	0	0	8	0	0	1	26	0	1	1	0	6	0	0	149	2	0	2	4	1
9282	Κέας	51	Κυκλάδων	5	1	2406	1124	27	16	302	38	336	1	1	0	4	30	0	1	0	60	10	9	9	3	10	20	0	19	0	0	0	0	0	93	3	0	0	7	2	2	0	7	2	0	10	117	7	0	13	8	0
9283	Κύθνου	51	Κυκλάδων	5	1	2639	1080	36	12	413	27	181	1	5	5	2	8	1	0	2	63	6	9	13	3	7	105	1	10	1	1	0	0	0	68	6	0	3	5	1	1	0	1	5	4	3	88	7	4	10	10	0
9284	Κω	52	Δωδεκανήσου	57	3	31012	18045	790	418	4219	611	4601	23	47	12	89	487	0	0	25	1446	81	195	109	48	189	770	47	283	10	12	0	0	0	1214	87	0	28	239	2	15	31	43	122	39	1	2381	101	32	292	94	20
9285	Νισύρου	52	Δωδεκανήσου	4	1	2412	631	31	11	99	49	251	0	0	0	3	6	0	0	0	19	2	1	5	2	5	37	0	12	0	0	0	0	0	17	58	0	0	0	0	0	0	12	5	0	0	36	6	1	2	3	0
9286	Κιμώλου	51	Κυκλάδων	3	1	1525	573	24	10	181	14	155	1	0	0	4	8	4	0	1	26	2	2	2	0	4	31	0	1	0	0	0	0	0	54	3	0	0	8	2	2	0	0	1	0	2	57	0	1	4	1	2
9287	Μήλου	51	Κυκλάδων	11	1	5498	2475	69	38	475	144	794	1	14	2	15	47	2	3	2	126	4	91	10	6	32	92	4	10	2	1	0	0	0	276	10	0	4	16	2	11	0	1	26	7	5	179	13	4	30	14	0
9288	Σερίφου	51	Κυκλάδων	5	1	2365	820	13	20	175	75	198	0	4	0	2	19	1	0	2	46	2	6	5	2	18	51	1	23	2	2	0	0	0	40	3	0	2	23	1	1	0	0	6	1	3	86	7	1	6	4	2
9289	Σίφνου	51	Κυκλάδων	7	1	3319	1693	28	17	391	20	394	1	1	0	1	24	2	1	2	73	13	17	8	3	10	55	3	48	2	1	0	0	0	94	11	0	19	128	2	3	6	1	2	4	3	86	242	1	17	3	1
9290	Μυκόνου	51	Κυκλάδων	15	1	8079	5478	158	137	1806	159	1283	3	8	4	33	90	10	6	3	435	21	128	20	13	41	156	17	54	2	1	0	0	0	497	49	1	15	48	4	10	13	8	37	11	23	300	50	12	76	29	2
9291	Αμοργού	51	Κυκλάδων	7	1	2255	1060	27	23	277	47	261	1	3	0	10	33	1	1	0	63	19	15	4	0	18	41	4	10	0	0	0	0	0	69	3	0	1	3	0	1	3	1	15	0	1	109	7	4	12	23	0
9292	Νάξου & Μικρών Κυκλάδων	51	Κυκλάδων	53	6	21247	12491	350	180	3071	767	3911	11	30	4	28	166	9	7	5	1022	72	173	59	28	107	345	23	148	7	3	0	0	0	478	69	0	15	30	11	16	15	18	126	25	37	1473	40	18	55	61	8
9293	Αντιπάρου	51	Κυκλάδων	2	1	1222	648	13	7	229	28	152	0	0	0	2	15	0	0	0	32	1	10	6	1	3	22	1	2	0	0	0	0	0	49	5	0	1	1	0	1	2	2	1	5	0	71	3	0	3	0	0
9294	Πάρου	51	Κυκλάδων	25	1	12701	7317	308	157	1857	277	1817	10	20	6	38	139	8	4	9	498	46	382	30	27	87	287	9	138	4	4	0	0	0	678	75	0	8	66	12	10	15	8	56	32	28	412	63	16	96	37	8
9295	Μεγίστης	52	Δωδεκανήσου	1	1	1772	389	9	7	94	13	65	0	0	0	3	6	0	0	0	83	3	4	8	0	4	33	2	8	0	0	0	0	0	24	4	0	0	2	0	0	0	0	0	1	0	26	0	0	6	0	0
9296	Ρόδου	52	Δωδεκανήσου	204	10	101787	57773	1800	953	15023	2068	14642	22	75	25	225	1170	0	0	25	5211	359	381	135	105	1091	2760	90	836	21	21	0	15	0	3610	422	0	69	374	7	69	87	59	651	171	100	6115	551	119	671	322	76
9297	Σύμης	52	Δωδεκανήσου	9	1	4534	1292	43	39	305	32	273	1	1	1	7	14	0	0	0	130	19	5	7	2	15	62	6	7	1	0	0	0	0	109	14	0	0	13	0	1	4	1	4	2	0	209	25	3	12	7	0
9298	Τήλου	52	Δωδεκανήσου	2	1	1179	489	18	6	94	71	88	0	1	0	3	12	0	0	0	37	2	1	4	2	6	10	0	12	0	0	1	0	0	18	2	0	0	5	0	0	0	0	6	1	0	103	0	1	7	1	1
9299	Χάλκης	52	Δωδεκανήσου	2	1	807	302	15	1	88	20	36	1	1	0	1	1	0	0	0	12	0	4	0	0	3	18	0	2	0	0	0	0	0	17	21	0	0	0	0	3	0	1	6	0	0	64	2	1	0	0	0
9300	Σύρου - Ερμούπολης	51	Κυκλάδων	42	3	21119	12457	419	205	2432	309	4146	10	17	5	52	121	31	13	5	776	24	411	82	24	93	749	21	95	4	2	0	0	0	1351	135	0	14	82	12	18	21	10	75	33	16	842	103	18	256	39	10
9301	Τήνου	51	Κυκλάδων	25	3	10138	6609	183	92	1888	189	1450	6	10	2	29	63	5	7	4	222	16	616	44	13	282	227	14	69	0	2	0	0	0	461	36	0	5	38	6	7	65	8	73	13	16	575	48	20	58	18	4
9302	Αρχανών - Αστερουσίων	55	Ηρακλείου	45	3	18402	11985	262	131	1853	673	4290	4	15	3	19	67	4	4	3	318	28	32	30	23	85	348	55	57	2	1	0	0	0	1045	144	0	32	32	8	6	9	18	733	22	56	1793	73	6	64	29	1
9303	Βιάννου	55	Ηρακλείου	20	1	6601	3487	77	20	529	201	1376	0	5	1	6	14	0	1	0	62	5	10	33	4	9	249	2	20	0	0	0	0	0	231	19	0	3	3	2	1	2	5	161	5	10	488	4	2	9	14	1
9304	Γόρτυνας	55	Ηρακλείου	52	4	18922	12092	372	227	1745	269	3487	5	11	4	31	76	16	8	4	521	66	49	26	17	69	513	21	56	2	4	0	0	0	964	278	2	17	48	7	5	9	19	1097	25	149	2220	37	18	85	98	14
9305	Ηρακλείου	55	Ηρακλείου	264	5	124887	82094	1682	846	11988	3626	29718	24	129	42	285	1150	99	37	39	3206	426	263	485	95	679	3550	93	502	14	15	1	4	27	7663	1251	0	49	446	88	35	101	173	5954	262	70	7691	660	84	772	257	41
9306	Μαλεβιζίου	55	Ηρακλείου	49	3	21380	14087	310	120	2483	427	5082	1	16	2	40	169	23	5	6	514	59	47	86	10	88	643	15	96	2	4	0	0	0	1307	186	0	14	54	7	8	15	13	870	23	30	1439	72	19	147	63	2
9307	Μινώα Πεδιάδος	55	Ηρακλείου	49	3	19247	11758	245	97	2160	304	3709	12	9	2	44	100	12	7	1	513	21	47	55	19	69	359	48	50	31	5	0	1	0	929	131	0	22	32	8	6	7	6	898	32	59	1822	87	17	69	49	6
9308	Φαιστού	55	Ηρακλείου	52	3	22438	15140	485	306	2849	340	3756	9	13	2	43	96	31	6	8	792	94	73	45	36	94	810	240	104	6	5	0	0	0	1860	189	0	21	62	4	14	12	7	825	44	58	2277	78	20	176	32	9
9309	Χερσονήσου	55	Ηρακλείου	44	4	19525	12217	292	158	2208	353	3614	3	9	8	47	150	16	4	3	823	71	109	57	22	86	520	23	109	4	3	0	6	0	1051	189	0	5	97	8	6	13	86	830	34	25	1353	87	19	107	44	15
9310	Αγίου Νικολάου	56	Λασιθίου	55	3	22508	14552	484	273	2555	546	3637	5	24	7	57	115	8	7	16	637	69	110	51	35	88	423	26	156	8	5	0	1	0	993	166	0	13	64	1	14	9	17	2602	38	29	1362	393	17	109	115	24
9311	Ιεράπετρας	56	Λασιθίου	55	2	23367	14105	417	248	2176	328	4118	5	12	5	39	92	17	8	5	472	41	52	43	42	95	304	17	151	35	4	0	0	0	1047	145	0	5	32	6	12	5	32	2705	18	28	1805	59	21	87	32	5
9312	Οροπεδίου Λασιθίου	56	Λασιθίου	13	1	3674	1916	55	24	422	51	458	1	1	0	27	11	1	1	1	58	3	18	3	5	14	53	6	14	1	1	0	0	0	152	17	0	1	3	1	1	2	1	174	3	16	372	5	2	8	8	0
9313	Σητείας	56	Λασιθίου	51	4	19538	11203	253	126	2327	220	3506	4	9	7	23	119	11	10	6	331	18	68	33	13	67	247	11	193	4	0	0	0	0	1076	193	0	4	40	6	6	41	18	533	17	28	1827	67	13	71	28	8
9314	Αγίου Βασιλείου	54	Ρεθύμνης	32	2	10217	5741	94	42	1043	298	1763	1	7	2	18	72	7	5	2	233	8	18	42	6	42	206	8	68	0	0	0	0	0	655	68	0	20	14	5	7	24	40	119	21	32	747	38	10	44	48	0
9315	Αμαρίου	54	Ρεθύμνης	26	2	6714	3740	57	34	898	105	879	1	1	0	9	41	4	1	0	151	17	17	27	6	28	145	10	22	0	0	0	0	0	294	41	0	17	9	2	1	1	4	172	5	39	682	74	3	11	23	0
9316	Ανωγείων	54	Ρεθύμνης	5	1	2603	2041	34	28	736	177	446	0	12	0	1	3	0	0	1	1	2	4	13	1	13	25	0	7	1	1	0	0	0	87	13	0	4	3	0	1	0	0	38	6	5	397	6	1	16	19	1
9317	Μυλοποτάμου	54	Ρεθύμνης	46	3	14293	8013	146	67	1799	98	1967	1	4	1	14	114	10	1	1	325	23	33	15	11	38	482	8	56	0	15	0	0	0	712	111	0	13	29	7	2	3	3	235	6	43	1655	30	21	39	86	2
9318	Ρεθύμνης	54	Ρεθύμνης	95	4	37570	24006	546	284	4087	816	7265	13	19	6	99	441	37	14	11	1214	101	92	128	40	239	1051	40	278	10	3	0	0	0	2746	368	0	65	120	23	11	22	47	742	49	59	3122	163	37	248	171	9
9319	Αποκορώνου	53	Χανίων	47	6	17839	10122	285	175	1535	667	2972	9	16	3	20	265	17	6	4	543	57	77	53	11	73	981	18	92	6	1	0	0	0	978	74	0	47	62	7	9	18	6	207	21	40	885	44	26	107	152	13
9320	Γαύδου	53	Χανίων	1	1	186	16	0	1	1	1	4	1	0	0	0	0	0	0	0	1	0	0	0	0	0	0	0	0	0	0	0	0	0	4	0	0	0	1	0	0	0	0	0	0	0	1	0	0	0	2	0
9321	Καντάνου - Σελίνου	53	Χανίων	19	3	7279	4083	74	68	653	203	1190	0	6	2	12	38	7	3	6	202	5	16	44	3	34	125	5	14	0	1	0	0	0	748	53	0	33	19	3	25	3	5	65	6	9	471	8	5	23	37	1
9322	Κισσάμου	53	Χανίων	38	3	13141	8564	170	126	1205	445	2231	3	16	5	18	114	8	4	1	557	50	37	42	18	70	456	24	70	12	3	0	0	0	1537	60	0	62	295	4	5	10	21	151	43	72	696	35	10	76	88	10
9323	Πλατανιά	53	Χανίων	62	4	22099	12113	176	136	1608	856	4033	6	20	5	32	275	8	5	6	894	46	104	91	23	112	386	39	77	2	3	0	0	0	1437	85	0	70	103	10	9	29	22	287	27	52	1016	58	26	106	136	9
9324	Σφακίων	53	Χανίων	11	1	3199	1334	12	7	317	57	433	0	1	0	2	29	2	0	0	94	7	2	11	1	6	115	1	0	0	0	0	0	0	78	13	0	24	2	2	1	0	0	44	2	8	71	2	0	5	4	0
9325	Χανίων	53	Χανίων	160	7	80352	47496	1073	541	6470	2213	15640	28	61	24	175	1256	52	33	29	2969	218	314	433	82	543	2282	137	409	12	9	0	0	0	6040	537	0	236	379	67	40	82	97	1275	198	63	3628	397	88	564	339	77
9001	Δοξάτου	4	Δράμας	42	2	20462	10606	459	151	2786	269	1892	6	15	4	262	464	14	15	8	778	55	439	38	23	193	327	26	55	4	4	0	5	0	704	36	0	34	35	20	10	21	25	155	21	212	1232	57	28	146	178	10
9002	Δράμας	4	Δράμας	104	2	51728	28804	997	399	6799	969	5845	27	48	21	328	1274	29	38	17	2565	213	778	119	56	1079	1094	179	107	18	8	0	9	0	1836	240	0	103	131	51	38	85	67	456	104	458	2699	223	85	278	303	27
9003	Κάτω Νευροκοπίου	4	Δράμας	30	1	12658	5418	183	50	1715	95	765	2	5	1	43	112	5	4	3	376	37	450	10	10	92	160	32	62	1	2	0	3	0	188	25	0	9	69	8	12	4	26	66	12	265	608	25	8	23	81	4
9004	Παρανεστίου	4	Δράμας	21	2	9145	3686	88	24	1090	85	508	1	0	1	43	108	4	2	0	282	82	134	5	7	78	120	26	19	2	2	0	1	0	168	21	0	22	9	8	4	7	2	54	8	238	448	19	3	17	54	4
9005	Προσοτσάνης	4	Δράμας	52	2	23764	11654	446	174	3062	427	1927	7	30	4	100	532	12	5	12	851	64	301	51	18	232	396	58	46	7	8	0	7	0	552	72	0	22	45	14	15	31	20	117	29	751	1506	59	21	96	135	12
9006	Αλεξανδρούπολης	1	Εβρου	123	3	62545	35012	1139	453	9594	1415	6937	47	70	22	176	837	61	27	29	3785	189	505	156	77	353	1357	339	296	52	25	0	416	0	2253	303	0	65	154	49	27	78	53	389	274	277	2879	276	62	280	796	32
9007	Διδυμοτείχου	1	Εβρου	72	2	31500	13993	841	232	5292	498	1683	27	32	12	97	322	25	20	22	1560	67	190	74	34	86	375	309	178	10	13	0	35	0	630	105	0	23	61	14	23	15	35	135	34	319	1319	85	28	104	78	24
9008	Ορεστιάδας	1	Εβρου	104	4	47411	22575	1176	418	7766	576	2531	32	36	18	117	404	41	25	38	2700	100	203	84	67	213	667	119	343	23	15	0	22	0	1494	114	0	41	107	26	38	16	35	222	77	747	2957	170	31	184	143	33
9009	Σαμοθράκης	1	Εβρου	9	1	4329	2287	149	70	564	40	529	4	2	1	10	38	3	5	2	174	20	37	24	7	25	91	11	73	2	5	0	3	0	143	8	0	4	8	3	2	3	14	12	7	15	299	13	4	18	60	4
9010	Σουφλίου	1	Εβρου	52	3	21836	10405	440	186	3497	440	1429	6	18	5	37	137	29	5	7	1105	45	147	50	29	100	242	86	99	9	8	0	744	0	427	69	0	10	58	7	16	6	21	64	37	231	964	63	18	77	52	11
9011	Θάσου	5	Καβάλας	31	1	14054	8225	363	124	1984	921	2109	10	27	6	39	136	12	11	8	662	23	188	30	24	68	293	24	109	10	10	0	5	0	349	27	0	6	39	12	6	12	12	49	18	97	717	31	10	53	70	8
9012	Καβάλας	5	Καβάλας	137	2	67747	36080	1094	402	8754	1680	8786	19	59	16	313	1432	37	27	24	2908	290	540	120	68	428	1514	69	356	15	16	0	24	0	2574	201	0	46	144	84	27	61	72	462	114	258	3366	352	50	376	344	54
9013	Νέστου	5	Καβάλας	63	3	26730	15788	628	298	4619	392	3015	26	24	11	108	511	15	17	16	1462	83	341	83	41	201	528	37	152	17	14	0	15	0	850	67	0	20	75	25	23	21	27	141	34	343	2009	88	24	199	105	9
9014	Παγγαίου	5	Καβάλας	80	5	36569	21871	981	267	6308	614	3558	14	34	8	191	805	22	22	11	2326	301	902	78	55	147	870	66	128	16	9	0	4	0	1078	176	0	28	93	35	22	24	24	339	53	281	2529	170	45	165	294	26
9015	Αβδήρων	3	Ξάνθης	55	3	27523	14079	779	195	2807	299	2334	9	18	10	101	358	17	10	8	1187	32	126	37	28	129	440	76	85	7	7	0	2822	0	588	148	0	24	54	16	48	11	39	85	28	193	1608	68	46	78	83	15
9016	Μύκης	3	Ξάνθης	41	4	19722	11624	1056	227	718	119	1303	18	15	9	22	23	5	16	11	58	10	69	38	25	87	141	43	54	10	11	0	8180	0	104	22	0	10	21	7	10	10	17	8	16	14	258	20	25	58	26	13
9017	Ξάνθης	3	Ξάνθης	95	2	52350	25199	1422	521	5353	1016	5182	62	89	24	151	684	46	41	36	2029	155	297	140	80	344	1206	180	187	38	28	0	2298	0	1830	365	0	61	120	44	49	57	52	285	116	118	1630	227	71	244	210	54
9018	Τοπείρου	3	Ξάνθης	33	1	16414	8489	473	141	1569	146	1346	7	12	8	32	188	7	7	14	725	21	161	38	20	54	342	33	61	7	5	0	2091	0	342	151	0	13	25	12	10	3	11	48	12	163	640	29	17	44	65	10
9019	Αρριανών	2	Ροδόπης	55	4	20660	11980	718	120	200	45	237	18	8	4	4	28	9	15	12	34	19	10	11	19	21	18	11	16	12	17	1	10798	0	31	14	0	13	30	13	8	13	11	10	9	20	109	31	14	48	32	7
9020	Ιάσμου	2	Ροδόπης	42	3	20168	10021	679	157	1342	137	716	9	12	23	43	94	14	21	16	554	23	61	24	40	39	185	47	49	6	16	0	5674	0	162	31	0	32	20	13	11	5	16	39	15	39	303	28	13	44	86	19
9021	Κομοτηνής	2	Ροδόπης	117	3	54680	28500	1439	483	6283	875	4308	37	48	20	149	671	28	23	30	2395	94	254	131	87	202	950	85	171	23	27	0	6046	0	1383	110	2	60	116	43	41	36	127	242	66	107	2214	187	51	268	477	33
9022	Μαρωνείας - Σαπών	2	Ροδόπης	52	2	22042	11327	732	245	2347	175	1381	21	47	15	47	208	26	23	13	879	58	89	30	37	56	274	42	65	20	11	0	3523	0	393	34	0	47	36	15	17	26	36	83	34	53	798	95	24	73	166	10
9023	Αλεξάνδρειας	12	Ημαθίας	94	4	42926	27854	1515	423	6192	931	5795	35	71	14	207	930	35	33	28	3952	256	432	172	69	201	1327	86	124	34	22	0	0	0	1441	144	0	55	108	31	59	42	79	1133	84	238	2467	249	67	209	472	30
9024	Βέροιας	12	Ημαθίας	128	5	60655	36255	1300	453	7427	2095	8278	25	79	20	409	1256	49	30	29	4436	508	370	223	80	379	1722	137	176	18	18	0	0	0	2044	253	0	52	143	44	37	46	96	634	92	356	3189	473	63	292	647	30
9025	Νάουσας	12	Ημαθίας	70	3	33207	21502	749	316	3830	1912	5559	15	68	20	178	668	18	98	19	2212	184	124	120	60	234	1537	81	110	20	13	0	0	0	959	116	0	35	64	26	39	27	40	369	41	122	1692	192	38	154	458	50
9026	Αμπελοκήπων - Μενεμένης	6	Α' Θεσσαλονίκης	73	2	37906	21277	665	243	3958	1521	5408	9	74	15	334	797	27	23	12	2522	185	126	153	65	220	903	55	35	52	6	0	0	0	1531	121	0	32	122	46	32	34	28	327	65	41	1364	197	39	248	534	16
9027	Βόλβης	7	Β' Θεσσαλονίκης	57	6	26523	16547	551	225	4317	905	3450	15	44	18	162	330	21	18	17	2008	111	336	87	40	159	687	70	29	13	7	0	0	0	863	72	0	24	77	22	21	28	30	191	30	226	1535	99	21	113	331	20
9028	Δέλτα	7	Β' Θεσσαλονίκης	74	3	36525	23233	1079	428	4469	1726	5424	18	98	36	263	831	26	43	38	3101	198	318	159	72	277	886	105	49	35	23	0	1	0	1656	164	0	39	121	35	37	29	33	343	83	157	1359	153	48	242	501	37
9029	Θερμαϊκού	7	Β' Θεσσαλονίκης	64	3	31975	21328	565	333	4233	990	5482	16	70	14	320	917	12	20	12	2543	204	178	166	46	179	955	74	49	20	9	0	0	0	1487	195	0	39	133	32	31	21	28	355	78	85	1289	223	40	245	521	17
9030	Θέρμης	7	Β' Θεσσαλονίκης	70	3	35595	24139	369	200	5049	1638	5895	15	39	6	277	765	12	14	9	2708	267	179	172	25	286	1003	250	27	9	2	0	0	0	1789	156	0	29	117	32	20	38	32	427	104	92	1497	356	33	243	517	10
9031	Θεσσαλονίκης	6	Α' Θεσσαλονίκης	487	2	252428	143837	2520	1378	33909	8052	35292	44	265	64	1987	5005	109	97	91	12937	1152	462	1297	153	2179	5589	376	154	99	32	0	0	0	11706	878	0	221	852	267	140	284	189	2479	496	236	9640	2154	186	1881	2805	78
9032	Καλαμαριάς	6	Α' Θεσσαλονίκης	105	1	54223	34595	624	336	5937	2389	9983	20	66	8	502	1255	30	29	26	2826	292	185	280	51	526	1348	199	46	20	17	0	0	0	2964	228	0	72	210	75	35	54	96	650	136	55	2447	456	58	471	533	20
9033	Κορδελιού -Ευόσμου	6	Α' Θεσσαλονίκης	108	2	55702	35040	955	515	5954	2416	8520	18	159	32	612	1428	52	51	34	4873	311	270	232	101	307	1668	116	85	32	10	0	0	0	2718	198	0	81	254	53	64	63	47	692	150	104	1682	281	72	481	779	40
9034	Λαγκαδά	7	Β' Θεσσαλονίκης	113	7	52037	33827	1196	572	8416	1491	6318	30	129	28	414	1285	42	41	44	4870	296	730	159	80	308	1492	103	63	40	23	0	0	0	1881	124	1	118	177	30	67	42	78	494	99	337	2625	195	59	273	786	39
9035	Νεάπολης - Συκεών	6	Α' Θεσσαλονίκης	129	4	65723	38738	872	521	6224	2820	10917	16	126	22	677	1324	52	37	44	3901	371	217	328	64	471	1658	157	46	55	8	0	0	0	3134	328	0	52	257	91	84	78	52	698	126	59	2568	382	70	493	708	23
9036	Παύλου Μελά	6	Α' Θεσσαλονίκης	112	3	57519	34718	1017	428	5247	2858	9318	9	148	31	555	1320	47	36	29	4426	390	302	228	80	369	1580	125	63	48	14	0	0	0	2397	268	0	95	190	75	59	60	53	594	129	70	1988	257	65	404	757	34
9037	Πυλαίας - Χορτιάτη	7	Β' Θεσσαλονίκης	80	3	40940	27333	413	210	6317	1619	6615	10	46	7	358	806	18	22	9	2438	261	161	234	36	424	1274	84	27	14	8	0	0	0	2375	169	0	39	157	42	27	43	31	622	112	48	1426	547	15	271	609	12
9038	Χαλκηδόνος	7	Β' Θεσσαλονίκης	68	3	32460	21961	692	310	4889	1487	4666	15	54	25	260	899	20	43	17	2992	166	323	162	60	147	904	76	41	16	12	0	0	0	1237	94	0	38	119	25	36	60	44	298	55	120	1505	216	16	193	609	22
9039	Ωραιοκάστρου	7	Β' Θεσσαλονίκης	60	3	30037	20800	552	253	4531	1150	4649	10	63	11	327	701	18	34	21	2714	182	172	125	42	261	910	82	33	19	10	0	0	0	1536	120	0	33	101	23	59	25	32	393	82	121	1160	307	28	234	464	17
9040	Κιλκίς	10	Κιλκίς	153	7	67703	36192	1319	488	9678	2990	7076	20	99	22	316	1057	36	37	36	4694	182	835	150	71	418	1115	159	79	24	15	0	0	0	1660	152	0	56	132	57	39	26	56	607	91	187	2799	169	54	246	726	26
9041	Παιονίας	10	Κιλκίς	86	5	37988	20573	901	290	5490	1017	3899	13	43	11	194	798	24	123	16	2681	99	456	101	50	192	743	77	77	20	9	0	0	0	1071	72	0	38	85	37	32	25	42	247	44	167	1876	110	39	126	404	25
9042	Αλμωπίας	11	Πέλλας	74	2	32396	19440	782	386	5525	690	3385	16	34	7	158	954	23	58	14	2458	101	181	93	42	151	447	44	96	9	11	0	0	0	1008	63	0	19	63	17	254	28	634	120	39	159	1888	92	36	121	382	20
9043	Εδεσσας	11	Πέλλας	66	2	30422	17891	586	304	4309	733	4154	21	43	8	169	564	16	187	17	1946	106	182	306	42	144	625	53	92	11	13	0	2	0	1244	136	0	33	76	16	29	18	88	198	74	124	1553	138	19	113	279	10
9044	Πέλλας	11	Πέλλας	138	5	65154	38731	1334	636	10407	1532	7943	29	90	22	441	1192	57	124	35	4769	234	331	288	84	338	1319	127	144	24	25	25	0	0	1964	168	0	61	143	38	92	37	98	753	88	296	3439	665	73	289	912	35
9045	Σκύδρας	11	Πέλλας	45	2	20851	13499	520	218	3023	733	2659	9	48	13	218	424	16	25	10	2308	100	145	52	23	130	472	72	62	17	17	0	0	0	545	45	0	31	45	20	64	10	44	160	32	181	1243	100	26	85	263	29
9046	Δίου - Ολύμπου	13	Πιερίας	54	3	27522	17134	594	181	4410	989	3770	12	41	6	96	738	25	12	18	1766	95	467	72	39	203	546	65	243	10	3	0	3	0	817	49	0	28	46	16	11	12	99	195	39	104	1503	153	17	121	272	23
9047	Κατερίνης	13	Πιερίας	175	6	83662	44564	958	355	11274	1969	9327	30	95	22	291	1551	47	27	16	5140	399	594	172	77	1290	1839	365	261	19	10	0	0	0	2359	206	0	54	130	71	23	67	385	739	85	338	3492	589	62	230	887	32
9048	Πύδνας - Κολινδρού	13	Πιερίας	45	4	19646	11678	390	169	2939	620	2241	7	23	2	79	396	13	6	6	1505	76	187	63	17	239	410	64	48	6	9	0	0	0	615	64	0	17	37	18	6	9	27	108	20	82	1191	73	12	81	338	24
9049	Αμφίπολης	8	Σερρών	34	4	15495	8335	388	150	2799	641	1481	10	16	5	38	350	5	3	10	698	29	71	44	15	111	222	16	17	4	1	0	0	0	332	29	0	16	16	4	6	11	17	93	35	99	784	36	16	77	161	17
9050	Βισαλτίας	8	Σερρών	69	4	31272	16496	686	277	4663	839	2801	10	27	15	155	800	9	14	14	1892	97	281	80	34	134	396	71	78	21	5	0	0	0	737	62	0	21	57	20	22	21	132	175	34	845	1514	76	21	102	205	16
9051	Εμμανουήλ Παππά	8	Σερρών	51	2	23753	12025	547	214	3530	513	2154	8	16	16	76	634	22	9	11	1277	109	91	77	27	151	310	43	150	6	9	0	0	0	611	49	0	26	270	15	16	6	59	148	27	188	1073	64	15	85	121	13
9052	Ηρακλείας	8	Σερρών	66	3	30741	13430	429	175	4370	398	2461	13	19	6	138	651	27	18	7	1460	106	79	33	26	133	438	58	57	13	10	0	0	0	596	127	0	37	64	13	154	14	50	184	20	144	1163	60	26	86	160	11
9053	Νέας Ζίχνης	8	Σερρών	39	2	17262	8277	227	78	2745	391	1306	3	9	5	55	451	4	9	8	869	33	67	42	16	96	213	56	25	5	5	0	0	0	330	44	0	13	34	9	12	7	26	79	35	220	844	35	9	62	93	12
9054	Σερρών	8	Σερρών	153	6	74437	40585	1201	649	9970	1531	7945	17	87	22	332	2872	72	41	29	4339	464	272	248	86	746	1586	327	228	17	18	0	0	0	2738	218	0	46	271	52	71	37	228	588	130	348	3240	366	82	375	501	45
9055	Σιντικής	8	Σερρών	91	6	40134	16858	513	259	5465	510	2701	13	23	8	113	837	31	23	10	1829	79	202	62	32	253	734	130	63	11	8	0	0	0	677	53	0	22	78	24	22	14	89	315	17	222	1496	105	30	122	410	25
9056	Αριστοτέλη	9	Χαλκιδικής	45	3	21490	13011	284	149	3921	445	3688	6	25	20	85	196	0	6	5	829	60	87	114	21	394	754	138	26	7	3	0	0	0	562	31	0	12	37	0	5	14	16	74	28	31	1038	69	8	87	163	6
9057	Κασσάνδρας	9	Χαλκιδικής	32	2	15195	8287	147	94	2212	360	1853	4	18	6	55	215	0	0	7	1111	44	94	32	17	70	339	27	22	9	4	0	0	0	560	26	0	20	46	0	15	7	4	112	13	35	644	42	19	77	158	10
9058	Νέας Προποντίδας	9	Χαλκιδικής	68	3	32467	20864	874	393	5315	748	4765	22	54	18	254	573	0	21	30	2155	121	290	106	45	251	795	65	56	24	11	0	0	0	1358	89	0	39	100	0	43	36	38	260	52	184	2120	156	33	198	400	39
9059	Πολυγύρου	9	Χαλκιδικής	49	4	22430	13138	724	145	4216	635	3120	12	23	5	82	282	20	5	10	1319	91	108	81	24	209	381	57	21	6	2	0	0	0	688	47	0	9	40	28	11	11	14	83	19	77	1063	99	12	62	152	14
9060	Σιθωνίας	9	Χαλκιδικής	26	2	12673	6853	222	79	1930	188	1927	7	10	4	42	189	0	4	7	654	32	80	33	16	142	260	28	21	2	3	0	0	0	399	14	0	10	21	0	5	5	3	62	5	49	525	44	12	60	55	5
9061	Γρεβενών	17	Γρεβενών	102	13	33972	16650	335	176	4351	1149	3036	10	26	4	50	387	9	4	6	1310	52	146	95	20	233	373	96	45	7	5	0	0	0	724	45	0	28	29	11	7	43	20	2083	40	99	1802	101	10	55	131	8
9062	Δεσκάτης	17	Γρεβενών	23	2	8682	4950	208	77	1020	514	960	8	9	3	13	103	3	12	3	248	15	49	38	11	71	86	11	64	2	4	0	0	0	227	19	0	8	14	2	7	8	12	592	5	57	681	13	4	29	18	7
9063	Καστοριάς	16	Καστοριάς	92	9	40068	20847	596	297	6490	582	3953	8	25	11	116	679	8	131	8	2612	132	250	91	27	215	843	45	119	6	11	0	0	0	1575	137	0	17	46	30	19	26	21	266	34	103	1687	195	32	86	199	12
9064	Νεστορίου	16	Καστοριάς	22	4	8092	2930	87	36	1166	139	460	2	5	0	9	62	5	12	0	273	15	93	8	3	31	69	0	11	1	1	0	0	0	165	12	0	3	4	3	3	3	5	25	8	7	259	9	2	8	47	2
9065	Ορεστίδος	16	Καστοριάς	34	2	14578	7322	168	71	2210	322	1356	8	11	0	21	205	2	4	2	1050	38	108	23	14	74	284	9	36	1	2	0	0	0	485	29	0	4	14	6	5	85	7	98	12	31	601	63	12	23	65	2
9066	Βοϊου	15	Κοζάνης	91	5	29513	14816	493	215	4614	904	2708	8	23	8	73	434	13	11	8	1405	97	236	69	26	177	459	84	71	16	4	0	0	0	775	56	0	19	32	10	21	17	25	152	24	169	1609	158	21	78	187	15
9067	Εορδαίας	15	Κοζάνης	100	5	45416	27983	753	380	6178	1931	7168	13	59	6	169	721	21	152	12	2201	199	204	194	70	252	2300	63	172	15	6	0	0	0	1619	138	0	29	89	16	43	24	38	307	120	150	2130	642	26	155	332	19
9068	Κοζάνης	15	Κοζάνης	150	5	65663	40063	1021	551	8181	2074	10238	17	64	13	221	1838	32	38	22	3076	264	545	327	88	532	2342	120	163	16	19	0	0	0	2823	205	0	44	187	42	83	50	119	643	120	464	3686	478	59	348	450	32
9069	Σερβίων - Βελβεντού 	15	Κοζάνης	58	4	23693	12002	371	168	2955	818	2893	9	27	5	32	358	10	8	10	760	47	160	76	18	527	438	39	69	15	9	0	0	0	551	44	0	7	25	7	149	8	22	191	12	157	1280	54	11	82	114	5
9070	Αμυνταίου	14	Φλώρινας	49	6	25309	12919	253	547	2894	700	3068	14	24	7	92	270	15	375	12	1201	67	115	63	26	159	708	42	103	16	5	0	0	0	859	70	0	14	45	9	11	10	21	117	34	148	1123	75	16	79	295	17
9071	Πρεσπών	14	Φλώρινας	18	2	7247	1397	14	34	766	32	163	0	0	0	5	10	1	5	0	116	7	16	15	0	24	26	10	11	1	0	0	0	0	63	2	0	1	6	2	0	0	8	4	2	4	70	13	0	5	9	0
9072	Φλώρινας	14	Φλώρινας	108	4	57488	19487	369	707	5485	677	4719	17	26	12	58	489	12	687	14	1522	188	141	79	38	533	600	236	112	31	7	0	5	0	1202	53	0	18	63	13	14	25	45	159	37	109	1562	141	25	110	205	18
9073	Αρταίων	19	Αρτας	93	5	40388	25246	684	288	6426	1832	8562	12	38	6	84	415	36	14	13	1416	73	444	217	30	231	728	34	301	7	1	0	0	0	1172	75	0	16	61	22	15	27	144	144	62	70	2091	99	30	137	147	14
9074	Γεωργίου Καραϊσκάκη	19	Αρτας	31	3	10886	4592	62	28	1609	174	1401	0	2	1	4	52	3	1	1	314	8	85	41	7	15	86	2	43	0	2	0	0	0	135	25	0	3	9	2	3	2	22	34	5	14	459	2	8	10	8	0
9075	Κεντρικών Τζουμέρκων 	19	Αρτας	38	4	13189	6315	142	62	1898	300	1974	1	8	1	13	72	7	2	2	436	16	135	36	7	38	123	9	59	0	4	0	0	0	236	26	0	6	10	3	3	11	203	73	5	8	513	20	3	16	34	4
9076	Νικολάου Σκουφά	19	Αρτας	37	4	15023	8361	146	63	2377	498	2611	7	16	0	18	137	5	5	1	607	24	158	69	10	60	249	7	113	0	1	0	0	0	390	22	0	6	18	11	2	6	23	50	8	31	678	28	3	64	44	4
9077	Ηγουμενίτσας	20	Θεσπρωτίας	61	5	28651	14344	405	146	3949	529	4044	3	44	15	44	370	17	12	10	925	49	165	139	0	155	321	13	149	37	3	0	0	0	975	101	0	22	45	7	12	22	36	111	32	58	1564	82	7	99	168	10
9078	Σουλίου	20	Θεσπρωτίας	46	3	16059	7331	90	40	1843	515	1997	2	51	1	21	91	7	3	4	452	20	83	53	0	108	164	26	56	0	3	0	0	0	439	30	0	8	10	7	6	3	24	38	7	39	1057	40	5	56	56	6
9079	Φιλιατών	20	Θεσπρωτίας	56	2	14536	5538	124	23	1645	325	1407	5	15	8	9	92	6	0	3	408	23	110	47	0	58	119	2	24	4	2	0	0	0	249	28	0	3	5	2	5	4	13	41	6	35	677	14	2	21	121	0
9080	Βορείων Τζουμέρκων	18	Ιωαννίνων	33	7	10430	4561	51	21	837	375	1748	1	21	1	13	75	1	0	3	146	12	49	27	2	65	53	8	20	12	1	0	0	0	261	14	0	2	11	3	1	3	15	31	8	14	636	31	6	28	25	2
9081	Δωδώνης	18	Ιωαννίνων	61	4	20193	10021	285	135	3268	299	2804	4	15	3	33	248	7	6	2	604	19	128	66	13	139	215	32	55	9	3	0	0	0	590	19	0	20	20	12	5	11	18	110	16	16	1021	51	11	56	69	4
9082	Ζαγορίου	18	Ιωαννίνων	44	5	8477	4640	101	39	1441	183	1369	2	6	0	22	86	3	1	3	260	14	70	50	2	83	105	6	21	2	0	0	0	0	247	27	0	9	64	4	0	3	11	30	8	11	377	50	6	19	44	1
9083	Ζίτσας	18	Ιωαννίνων	67	5	19712	11521	347	107	2227	1596	3711	3	54	3	49	207	6	5	9	639	22	135	113	19	164	225	17	50	4	2	0	0	0	676	50	0	7	27	5	6	20	123	62	13	13	1072	71	6	47	60	3
9084	Ιωαννιτών	18	Ιωαννίνων	139	6	71437	46620	1116	537	11306	2402	15432	16	86	20	227	1192	25	26	23	2904	164	316	443	66	749	1063	106	214	21	5	0	0	0	3452	235	0	47	199	21	20	60	126	368	90	42	3885	524	52	380	287	26
9085	Κόνιτσας	18	Ιωαννίνων	45	5	12664	5182	108	41	1494	373	1273	2	11	2	15	95	4	3	3	357	20	95	31	6	101	109	14	24	2	2	0	0	0	257	17	0	7	12	21	2	2	7	65	10	71	550	31	6	28	55	5
9086	Μετσόβου	18	Ιωαννίνων	22	3	10022	5765	206	72	1914	275	1459	6	11	2	25	96	5	5	5	475	48	54	71	7	61	141	11	33	3	2	0	0	0	327	13	0	3	17	4	4	6	5	51	16	55	422	40	6	26	57	4
9087	Πωγωνίου	18	Ιωαννίνων	61	6	16920	6069	75	34	1664	646	1745	5	12	4	16	115	4	2	3	421	13	54	42	5	66	104	12	19	2	1	0	0	0	259	21	0	6	13	6	2	7	4	30	7	18	615	28	3	31	58	6
9088	Ζηρού	21	Πρέβεζας	47	4	19059	11070	363	139	3679	610	2811	3	16	4	38	192	10	9	6	984	25	196	64	20	100	356	16	92	6	4	0	0	0	425	63	0	7	24	7	8	13	22	60	26	83	918	49	7	53	60	4
9089	Πάργας	21	Πρέβεζας	43	2	16353	7562	99	49	2332	391	2078	3	7	0	24	232	9	1	5	555	19	141	67	7	75	144	6	46	6	1	0	0	0	336	14	0	6	14	8	3	12	12	49	16	31	824	36	6	27	11	8
9090	Πρέβεζας	21	Πρέβεζας	71	3	29682	17380	467	217	3851	1465	5497	13	24	6	45	216	14	10	12	1259	53	521	140	25	127	292	27	126	6	5	0	0	0	782	57	0	19	52	6	6	13	13	111	114	89	1992	105	19	107	154	7
9091	Αργιθέας	25	Καρδίτσας	26	3	7518	1739	32	13	611	39	373	0	1	0	4	21	0	1	2	147	7	17	3	1	32	30	8	5	1	0	0	0	0	66	2	0	3	7	0	11	2	3	14	5	28	252	5	1	4	33	0
9092	Καρδίτσας	25	Καρδίτσας	111	5	51099	30804	1085	362	7061	2531	9260	33	41	25	141	516	29	28	35	2656	145	229	205	40	290	777	82	219	13	11	0	0	0	1752	137	0	94	111	17	129	54	48	579	95	114	2611	215	35	234	162	50
9093	Λίμνης Πλαστήρα	25	Καρδίτσας	22	2	8199	3885	90	29	999	350	998	5	13	2	11	49	6	1	4	316	19	40	25	6	37	63	7	24	0	0	0	0	0	199	21	0	6	10	2	2	1	9	49	10	13	524	19	4	20	20	1
9094	Μουζακίου	25	Καρδίτσας	54	3	22113	10442	247	100	3481	447	2325	22	9	7	32	178	17	5	6	1292	40	84	41	15	99	197	32	96	0	9	0	0	0	514	48	0	16	26	9	7	20	15	170	97	78	793	32	11	61	99	12
9095	Παλαμά	25	Καρδίτσας	47	3	18811	11943	462	143	3364	680	3396	10	18	9	31	193	9	7	4	1541	37	122	33	14	97	233	22	85	7	8	0	0	0	497	42	0	13	24	8	9	22	8	121	19	79	983	45	13	62	71	7
9096	Σοφάδων	25	Καρδίτσας	56	5	24207	14541	788	179	3847	979	3621	97	53	12	64	225	8	13	13	1611	39	159	78	34	141	407	60	162	10	4	0	0	0	716	56	0	34	62	6	28	73	26	123	40	135	1289	76	10	101	109	20
9097	Αγιάς	22	Λάρισας	34	4	14909	9013	287	112	2014	1201	2240	3	19	3	39	147	10	8	7	826	32	119	47	4	95	150	20	34	5	2	0	0	0	455	42	0	10	27	9	7	26	18	82	15	191	785	66	10	48	191	6
9098	Ελασσόνας	22	Λάρισας	89	9	39537	23226	838	245	6477	2263	4422	18	34	10	65	252	26	21	33	1776	96	150	430	28	165	418	30	98	11	11	0	0	0	1014	44	0	15	62	20	27	89	22	176	325	951	2900	99	12	140	481	15
9099	Κιλελέρ	22	Λάρισας	63	5	25497	17933	434	222	4465	1012	4482	8	27	4	63	444	16	12	13	1865	124	149	72	25	130	395	55	77	9	6	0	0	0	1011	78	0	23	51	17	28	101	24	254	59	768	1426	128	22	124	327	39
9100	Λαρισαίων	22	Λάρισας	217	3	109898	69102	1618	778	14373	5040	19049	28	124	19	520	1989	74	47	82	5962	747	438	544	90	933	2106	199	219	24	17	0	0	0	5738	354	0	73	323	104	54	413	103	1230	262	531	4106	828	85	736	1474	64
9101	Τεμπών 	22	Λάρισας	44	5	18328	11521	343	146	2817	1162	2567	5	17	2	57	271	11	5	7	1046	68	185	101	23	138	221	38	28	2	5	0	0	0	581	53	0	7	38	21	14	47	16	112	21	267	1032	83	12	133	302	6
9102	Τυρνάβου	22	Λάρισας	47	2	22918	14487	449	184	2717	1553	3735	16	48	11	76	308	20	13	18	1372	69	96	112	25	158	324	41	94	25	12	0	0	0	867	43	0	21	49	5	21	135	24	124	31	566	1247	118	20	107	254	12
9103	Φαρσάλων	22	Λάρισας	49	4	20808	13247	358	158	3178	637	3234	10	22	6	68	226	12	6	13	1598	58	76	72	30	119	271	33	97	7	11	0	0	0	727	39	0	23	48	15	18	22	27	143	177	419	1346	107	9	107	221	15
9104	Αλμυρού	23	Μαγνησίας	54	4	19886	12742	509	178	3344	774	2795	11	24	1	76	311	0	5	6	1311	67	149	67	14	72	268	38	112	8	5	0	0	0	570	122	0	19	56	0	5	16	33	109	45	914	974	82	20	176	134	9
9105	Βόλου	23	Μαγνησίας	247	9	111570	67915	2086	824	12614	4126	22066	47	138	44	375	2178	2	39	90	6400	616	490	502	130	562	2239	282	487	38	30	0	0	0	4776	1419	0	101	442	0	106	146	113	749	256	242	3815	696	91	803	609	56
9106	Ζαγοράς - Μουρεσίου	23	Μαγνησίας	20	2	7686	4459	186	84	1048	298	1151	3	19	5	24	99	0	2	5	385	19	72	29	14	42	94	9	10	2	4	0	0	0	262	41	0	7	16	0	7	9	8	162	8	48	423	19	4	57	44	10
9107	Νοτίου Πηλίου	23	Μαγνησίας	34	5	12446	7310	259	102	1621	405	2123	5	9	1	33	183	0	13	5	920	29	72	41	13	78	206	20	35	5	5	0	0	0	390	129	0	10	39	0	13	12	15	55	17	74	506	60	18	57	78	15
9108	Ρήγα Φεραίου	23	Μαγνησίας	33	3	13389	9631	330	110	2595	428	2057	12	19	5	38	266	0	13	10	1118	61	73	72	32	65	297	35	119	7	8	0	0	0	593	102	0	8	47	0	15	10	30	72	15	243	860	53	8	93	139	13
9109	Αλοννήσου	23	Μαγνησίας	4	1	1809	1145	36	50	228	65	313	2	8	4	4	37	0	2	1	96	1	20	1	3	12	41	1	8	2	0	0	0	0	114	7	0	4	14	0	6	2	6	9	6	3	96	3	1	16	9	0
9110	Σκιάθου	23	Μαγνησίας	11	1	5068	3395	148	73	795	217	749	1	14	5	10	110	0	2	2	397	23	27	6	9	27	75	4	35	3	6	0	0	0	284	39	0	3	18	0	89	12	5	32	23	7	246	29	7	47	34	3
9111	Σκοπέλου	23	Μαγνησίας	13	1	5427	2842	154	50	656	535	754	2	8	5	9	46	0	1	2	157	13	20	10	10	16	80	4	14	2	12	0	0	0	154	24	0	2	9	0	5	5	3	12	6	5	164	10	4	39	42	2
9112	Καλαμπάκας	24	Τρικάλων	96	8	37400	19527	722	247	5534	1212	4512	18	50	17	81	229	21	14	17	1558	64	128	128	47	267	479	108	201	11	8	8	0	0	1129	53	0	25	54	17	27	44	66	133	65	290	2512	109	21	110	135	25
9113	Πύλης	24	Τρικάλων	71	7	26451	12972	329	119	4232	713	3147	5	18	34	55	207	16	9	8	1191	34	127	106	24	276	287	54	101	18	3	0	0	5	645	51	0	13	39	9	13	20	21	86	33	90	1049	48	16	69	94	6
9114	Τρικκαίων	24	Τρικάλων	146	8	66954	40827	1267	519	10907	3505	10551	21	89	25	177	567	38	36	24	2930	166	191	256	70	575	1007	316	333	21	10	0	4	0	2635	129	0	53	161	42	36	132	123	344	144	131	4132	340	56	277	244	29
9115	Φαρκαδόνας	24	Τρικάλων	43	3	19430	9504	409	163	3007	863	2047	7	16	7	38	118	12	6	12	529	27	37	41	18	124	169	26	83	4	8	0	0	0	489	17	0	11	23	6	5	62	14	56	11	182	1249	39	6	37	81	17
9116	Ζακύνθου	29	Ζακύνθου	99	6	42325	23035	893	407	5233	2376	7291	35	44	15	61	243	32	12	19	1672	72	568	130	38	264	466	32	292	13	11	0	0	0	1344	57	0	38	82	32	43	18	53	82	29	35	1782	124	39	170	172	16
9117	Ιθάκης	28	Κεφαλληνίας	11	1	5381	1898	99	27	326	482	452	4	9	1	8	19	4	2	4	124	5	15	48	3	12	54	5	16	1	1	0	0	0	64	24	0	3	11	1	4	1	2	12	2	6	138	8	5	10	11	1
9118	Κέρκυρας	26	Κέρκυρας	237	15	112780	55365	1725	529	9736	3836	21593	26	117	21	244	714	23	38	29	4838	258	694	419	75	605	1450	65	388	25	23	0	0	0	3392	489	0	75	199	50	49	54	52	778	87	66	3666	333	115	457	264	22
9119	Παξών	26	Κέρκυρας	6	1	2723	1342	32	13	205	84	498	0	0	0	6	9	0	0	0	95	2	186	3	3	7	26	3	12	0	0	0	0	0	43	6	0	2	4	0	0	1	0	9	1	1	112	10	1	9	3	1
9120	Κεφαλονιάς	28	Κεφαλληνίας	111	8	49292	20152	671	334	4360	2150	5413	5	55	16	80	344	31	28	14	2019	154	277	129	48	199	614	58	434	13	5	0	0	0	1127	156	0	37	68	50	17	29	64	81	37	153	1447	146	43	139	94	18
9121	Λευκάδας	27	Λευκάδας	71	7	27088	13127	474	203	2734	1255	3658	6	21	6	34	177	12	14	12	1068	40	190	194	27	172	317	74	180	5	7	0	0	0	706	120	0	19	51	15	2	23	19	263	23	21	1312	87	21	161	72	9
9122	Μεγανησίου	27	Λευκάδας	5	1	1944	745	26	10	137	100	201	0	2	1	2	19	0	2	0	40	0	1	12	0	6	15	0	62	0	0	0	0	0	22	4	0	1	3	0	0	0	8	8	0	4	89	1	1	3	1	0
9123	Αγρινίου	30	Αιτωλοακαρνανίας	207	10	95937	52470	1724	614	12828	4038	14829	23	88	17	115	1127	47	35	18	4826	293	473	426	80	717	1228	238	472	16	22	0	0	0	2615	317	0	42	152	46	49	63	116	400	188	228	4997	274	48	300	658	21
9124	Ακτιου - Βόνιτσας	30	Αιτωλοακαρνανίας	44	3	19756	11485	625	244	2926	861	2967	9	30	12	35	165	18	7	11	1447	23	223	53	22	131	227	31	126	13	5	0	0	0	423	32	0	12	43	4	6	34	43	28	13	75	1223	60	13	63	64	7
9125	Αμφιλοχίας	30	Αιτωλοακαρνανίας	65	3	24401	11939	366	166	3104	789	3114	4	12	4	19	197	30	9	3	846	28	328	93	18	210	223	15	92	5	2	0	0	0	448	68	1	7	30	4	6	18	21	57	21	69	1840	45	44	47	57	11
9126	Θέρμου	30	Αιτωλοακαρνανίας	33	1	10658	4268	122	39	1213	250	1033	0	2	2	12	103	2	2	2	418	62	117	23	5	38	99	24	29	0	0	0	0	0	183	26	0	6	7	1	4	3	9	29	13	12	395	17	3	9	110	5
9127	Ιεράς Πόλης Μεσολογγίου	30	Αιτωλοακαρνανίας	78	3	35998	20485	779	341	5331	1223	5094	18	31	7	53	245	21	10	11	2585	75	228	95	31	209	411	46	254	11	6	0	0	0	1003	99	0	21	59	18	14	15	29	469	69	349	1825	169	25	174	140	12
9128	Ναυπακτίας	30	Αιτωλοακαρνανίας	102	6	35123	17805	496	283	4259	947	4557	24	18	3	66	231	15	16	19	1711	113	317	110	31	235	513	108	134	8	13	1	0	0	1172	163	0	18	65	20	5	20	77	170	32	85	1907	139	12	141	317	13
9129	Ξηρομέρου	30	Αιτωλοακαρνανίας	41	3	17647	9685	502	177	2538	678	2280	4	30	4	21	219	14	3	8	1190	28	84	54	22	105	160	22	131	1	2	0	0	0	384	51	0	4	26	4	4	27	31	55	16	160	1170	37	9	45	53	11
9130	Αιγιαλείας	31	Αχαίας	137	6	53163	31212	1041	407	7109	1648	9296	14	44	12	151	413	44	18	22	2673	165	341	236	41	336	934	87	291	8	13	0	0	0	1861	355	0	30	166	53	17	92	34	309	99	150	3050	226	37	361	453	23
9131	Δυτικής Αχαϊας	31	Αχαίας	67	4	30325	18963	967	303	4632	640	6064	15	28	7	69	301	25	17	10	1791	61	185	54	32	193	561	29	159	14	22	0	0	0	880	117	0	24	80	19	17	18	33	88	33	94	2109	81	27	144	268	22
9132	Ερυμάνθου	31	Αχαίας	43	4	15125	8326	226	72	1233	327	3012	5	12	1	28	141	11	1	3	630	33	63	34	14	157	178	11	68	2	3	0	0	0	441	27	0	7	32	6	2	20	13	36	11	41	1493	35	15	56	120	4
9133	Καλαβρύτων	31	Αχαίας	78	4	18937	7266	171	74	1876	436	1847	0	9	2	26	166	9	4	5	655	24	153	34	7	76	141	5	27	2	2	0	0	0	268	36	0	8	78	3	7	15	14	32	10	98	1003	28	8	33	114	5
9134	Πατρέων	31	Αχαίας	325	5	161472	100750	2473	1086	17752	8119	36853	56	199	27	522	1662	92	56	65	7080	911	613	791	122	1335	3177	201	712	28	31	0	0	0	6683	1372	0	147	570	167	64	208	124	793	329	123	6629	792	137	1088	1043	77
9135	Ανδραβίδας - Κυλλήνης	32	Ηλείας	53	4	25598	11761	547	223	2846	501	3221	5	17	10	46	278	22	8	11	1203	40	226	76	18	135	338	17	118	2	2	0	0	0	633	46	0	17	48	13	11	20	12	60	27	69	1355	43	14	140	100	13
9136	Ανδρίτσαινας - Κρεστένων	32	Ηλείας	49	3	16925	6700	204	61	1622	470	1892	4	7	3	14	101	5	1	9	760	14	81	29	9	70	213	32	36	3	7	0	0	0	283	19	0	5	14	7	0	19	5	27	6	7	738	16	5	30	125	12
9137	Αρχαίας Ολυμπίας	32	Ηλείας	53	4	19385	8678	266	55	2079	454	2567	5	11	0	22	122	4	4	9	978	17	101	34	11	193	182	8	60	2	3	1	0	0	347	33	0	2	21	5	7	16	22	42	15	60	1084	17	7	50	79	4
9138	Ζαχάρως	32	Ηλείας	38	2	12971	5978	143	43	1670	342	1376	8	7	3	12	101	3	0	4	813	9	65	65	4	46	166	10	16	0	1	14	0	0	252	20	0	6	14	3	1	12	59	32	12	20	610	25	6	55	114	2
9139	Ηλιδας	32	Ηλείας	77	2	34771	18751	805	287	3472	1125	5676	12	46	6	65	385	28	15	15	1533	49	205	134	47	443	493	20	171	7	25	0	0	0	1139	98	0	36	79	19	9	61	27	124	43	75	2552	112	34	197	159	15
9140	Πηνειού	32	Ηλείας	37	3	16601	7813	239	58	1868	279	2343	7	6	2	14	153	13	3	2	849	33	114	55	7	112	219	9	69	2	4	0	6	0	370	33	0	6	28	12	5	62	9	58	9	34	877	35	8	46	49	3
9141	Πύργου	32	Ηλείας	118	4	51907	26998	1016	324	5996	1506	7677	17	45	13	101	605	36	20	15	2862	118	325	218	45	319	1133	19	213	10	8	0	0	4	1500	108	0	39	102	28	12	217	34	110	75	76	2692	136	42	222	285	15
9142	Αλιάρτου - Θεσπιέων 	36	Βοιωτίας	24	2	11413	6309	194	58	1173	372	1998	1	12	2	14	206	15	2	11	753	42	45	52	0	53	173	17	40	1	4	0	0	0	345	79	0	9	33	12	7	10	3	55	24	75	504	56	14	35	55	7
9143	Διστόμου - Αράχοβας - Αντίκυρας	36	Βοιωτίας	16	3	7688	5157	157	76	1187	300	1448	1	8	1	23	77	4	7	8	409	42	95	56	0	39	153	14	63	0	3	0	0	0	298	43	0	8	22	3	7	18	8	74	17	45	544	49	9	33	35	6
9144	Θηβαίων	36	Βοιωτίας	70	4	33019	18397	570	212	3332	1445	5705	15	66	11	101	648	23	21	29	2010	148	130	167	0	166	749	41	164	12	16	0	0	0	1031	71	0	48	111	21	23	78	19	145	46	177	1141	147	51	127	149	13
9145	Λεβαδέων	36	Βοιωτίας	67	5	29777	18777	587	209	3539	1587	6278	15	31	17	72	682	18	4	22	1166	89	204	218	0	236	543	97	194	8	7	1	0	0	1095	124	0	19	66	18	16	46	19	149	90	87	1169	491	27	124	200	9
9146	Ορχομενού	36	Βοιωτίας	28	2	12771	7937	281	117	1760	480	2572	6	15	2	23	262	11	11	8	721	31	70	53	0	134	255	22	57	7	9	0	0	0	324	46	0	9	24	6	10	11	8	99	23	51	627	45	26	45	69	5
9147	Τανάγρας	36	Βοιωτίας	32	4	14214	10056	249	110	2055	552	2372	15	30	7	46	298	9	4	3	1711	59	124	59	0	95	412	27	121	9	3	0	0	0	539	124	0	39	57	7	15	20	6	84	35	69	736	63	12	87	142	10
9148	Διρφύων - Μεσσαπίων	37	Ευβοιας	53	2	19864	13467	517	254	2960	573	3769	4	22	9	94	372	20	9	9	1810	55	186	60	27	106	496	30	125	8	6	0	0	0	751	90	0	30	44	17	68	49	25	100	36	85	1137	69	10	83	117	6
9149	Ερέτριας	37	Ευβοιας	27	2	13209	8625	262	105	2143	339	2271	4	20	3	41	290	5	5	1	1175	60	98	37	12	68	373	22	120	6	7	0	0	0	465	66	0	16	66	4	7	28	14	72	19	40	502	35	14	79	91	7
9150	Ιστιαίας - Αιδηψού	37	Ευβοιας	59	5	23371	13740	520	255	2912	1026	3979	8	33	10	43	425	19	13	10	1275	97	203	66	36	59	484	43	117	7	8	0	0	0	756	87	0	20	67	19	13	25	32	72	190	76	1123	138	21	91	116	21
9151	Καρύστου	37	Ευβοιας	41	4	16114	7367	164	55	1576	416	2070	4	11	5	23	362	11	2	7	999	28	45	38	10	46	312	15	41	2	2	0	0	0	425	57	0	10	28	12	4	7	4	39	25	64	421	94	13	48	75	16
9152	Κύμης - Αλιβερίου	37	Ευβοιας	89	5	35171	22493	752	398	4265	1481	6891	16	58	12	134	486	17	30	19	1663	83	325	173	52	233	791	80	273	8	20	0	0	0	1349	126	0	24	97	25	25	24	38	238	70	77	2593	142	41	235	242	37
9153	Μαντουδίου - Λίμνης - Αγίας Αννας	37	Ευβοιας	40	3	16128	9250	431	218	1715	870	3032	13	15	3	48	176	12	7	12	761	57	161	56	23	68	246	18	117	4	8	3	0	0	461	29	0	11	40	14	18	13	18	36	9	22	976	45	14	51	53	15
9154	Σκύρου	37	Ευβοιας	8	1	4253	2550	118	47	525	101	546	6	7	1	9	79	4	5	7	244	10	118	29	14	20	78	11	78	1	6	0	0	0	177	43	4	7	16	1	8	15	5	26	13	18	228	14	6	41	22	7
9155	Χαλκιδέων	37	Ευβοιας	149	5	76399	47918	1279	515	8921	2430	14743	21	108	18	438	1738	93	32	35	5785	240	476	244	63	400	1785	151	445	22	21	0	0	0	3391	356	0	66	344	65	99	166	48	414	168	121	3057	410	75	529	368	32
9156	Αγράφων	34	Ευρυτανίας	51	5	12075	4103	87	46	1518	133	993	2	4	1	13	72	3	2	1	300	22	138	17	0	23	65	6	64	3	1	0	0	0	125	5	0	1	8	2	2	2	0	15	3	76	442	9	3	7	19	3
9157	Καρπενησίου	34	Ευρυτανίας	72	6	19422	7362	142	102	1961	297	2066	2	4	0	59	186	14	2	6	482	78	197	47	0	122	216	29	62	1	3	0	0	0	432	32	0	6	11	10	4	26	12	73	26	31	698	52	10	52	50	3
9158	Αμφίκλειας - Ελάτειας	33	Φθιώτιδας	28	3	11654	6190	136	67	1572	334	1739	2	8	0	20	238	3	7	6	581	15	78	69	2	78	161	13	27	2	20	0	0	0	348	39	0	8	23	3	22	3	13	68	10	76	496	34	11	22	35	4
9159	Δομοκού	33	Φθιώτιδας	40	3	14459	8034	198	69	2192	505	1954	6	21	2	16	168	3	1	12	869	30	62	38	26	60	158	25	58	2	3	0	0	0	397	19	0	18	7	5	7	4	12	48	112	200	827	41	6	42	71	7
9160	Λαμιέων	33	Φθιώτιδας	139	5	61486	39440	1060	421	9219	1464	11110	19	66	15	212	1687	42	23	16	3847	316	317	237	69	551	1284	334	227	8	16	0	0	0	2401	158	0	48	148	31	40	84	53	410	245	744	3007	268	62	309	332	21
9161	Λοκρών	33	Φθιώτιδας	43	4	19555	12674	370	155	3079	756	3189	6	27	8	41	554	10	12	14	1355	64	133	55	29	81	403	20	103	8	5	0	0	0	563	51	0	36	25	7	405	19	31	61	92	100	1100	56	24	77	71	4
9162	Μακρακώμης	33	Φθιώτιδας	58	4	18818	10966	323	145	2830	568	2723	6	18	5	42	427	6	16	8	1179	43	246	60	20	169	326	35	68	8	4	0	0	0	406	45	0	10	27	8	24	78	12	106	42	179	892	92	22	55	152	9
9163	Μώλου - Αγίου Κωνσταντίνου	33	Φθιώτιδας	30	3	12481	8008	216	112	2263	301	2159	4	10	3	26	368	8	7	6	820	30	76	43	9	76	189	44	61	3	2	0	0	0	360	18	0	4	26	5	26	6	2	49	19	81	758	30	11	59	42	4
9164	Στυλίδας	33	Φθιώτιδας	31	3	13278	8019	179	69	1861	499	2124	5	19	10	37	322	9	5	2	738	24	123	61	17	85	213	28	52	5	4	0	0	0	284	50	0	4	21	3	21	15	7	260	41	140	731	57	13	47	72	10
9165	Δελφών	35	Φωκίδας	69	8	26726	15723	621	236	3611	1083	4121	12	42	10	55	517	10	9	14	1541	455	192	85	33	166	460	34	125	6	10	0	0	0	769	78	0	24	56	20	11	24	18	92	41	490	1137	111	19	100	135	7
9166	Δωρίδος	35	Φωκίδας	66	4	17089	7453	137	48	2299	528	1636	5	9	3	15	104	9	2	4	602	41	204	28	13	62	206	22	34	3	2	0	0	0	254	47	0	7	14	3	3	5	8	39	8	302	790	30	3	34	71	4
9167	Αγίας Παρασκευής	39	Β' Αθηνών	86	1	39212	26549	392	196	6940	1292	7278	8	32	6	165	628	11	10	14	1877	180	80	256	19	425	841	61	219	4	7	0	0	0	2138	337	0	34	147	74	7	83	35	338	158	22	1870	425	26	288	200	14
9168	Αμαρουσίου	39	Β' Αθηνών	110	1	50059	33140	447	207	8393	1765	8973	12	21	7	204	808	11	11	21	2411	169	133	344	11	504	1114	72	297	7	1	0	1	0	2907	405	0	38	172	78	21	55	20	440	241	44	2257	551	38	383	188	12
9169	Βριλησσίων	39	Β' Αθηνών	45	1	20536	14689	178	93	3939	683	3864	8	17	4	75	285	4	3	13	1034	82	54	163	7	268	430	33	85	0	3	0	0	0	1378	159	0	14	88	11	6	29	13	230	122	21	948	347	21	171	75	2
9170	Ηρακλείου	39	Β' Αθηνών	78	1	35036	24196	420	191	4499	1791	7574	10	27	10	206	576	14	11	10	1943	140	118	300	19	343	834	48	207	9	3	0	0	0	1957	355	0	40	159	46	24	47	43	274	145	41	1578	266	35	268	211	15
9171	Κηφισιάς	39	Β' Αθηνών	119	3	54150	36068	513	257	13357	1295	7062	19	22	8	176	911	12	17	15	2381	159	150	219	19	492	1224	87	267	14	4	0	0	0	3033	327	0	30	178	114	21	84	49	477	249	37	2062	908	52	324	206	7
9172	Λυκόβρυσης - Πεύκης	39	Β' Αθηνών	49	2	21745	15362	227	134	3413	951	4302	4	24	3	115	393	10	15	10	1081	96	68	139	9	221	495	26	134	2	2	0	0	0	1498	162	0	25	92	44	7	21	19	205	125	18	1123	226	30	152	98	4
9173	Μεταμορφώσεως	39	Β' Αθηνών	44	1	19590	13472	300	143	2036	1163	4330	9	29	9	121	405	13	13	6	1341	179	96	101	12	151	451	31	135	6	8	0	0	0	965	174	0	18	78	38	10	22	20	144	74	27	836	107	33	160	107	14
9174	Νέας Ιωνίας	39	Β' Αθηνών	111	1	50151	31385	683	260	4740	3236	10445	9	59	10	239	821	14	18	26	2573	185	185	416	25	406	1063	63	244	19	12	0	0	0	2212	420	0	38	170	98	26	57	48	317	137	34	2128	309	63	334	168	18
9175	Παπάγου - Χολαργού	39	Β' Αθηνών	83	2	38323	26567	306	191	7935	1030	6181	6	33	4	164	624	5	8	15	2264	151	66	292	21	470	813	115	180	5	10	0	0	0	2243	345	0	26	139	49	6	64	22	400	164	21	1603	522	22	281	254	14
9176	Πεντέλης	39	Β' Αθηνών	55	3	24898	18073	290	200	4358	972	4790	5	14	6	117	471	14	4	16	1295	111	113	165	12	295	762	52	157	5	3	0	0	0	1557	238	0	12	115	51	16	54	29	251	100	17	1187	354	19	204	128	4
9177	Φιλοθέης - Ψυχικού	39	Β' Αθηνών	62	3	28087	18120	181	84	7806	517	3044	0	10	4	81	318	6	3	7	1177	66	50	139	6	309	428	34	100	3	3	0	0	0	1541	124	0	19	84	32	7	29	7	241	92	14	1004	569	14	160	68	4
9178	Χαλανδρίου	39	Β' Αθηνών	116	1	51952	33691	479	226	8636	1887	9211	11	23	8	190	807	11	10	14	2345	173	122	374	22	630	1034	84	234	10	11	0	0	0	2950	378	0	38	173	90	18	81	37	502	143	40	2168	602	32	363	214	15
9179	Αγίας Βαρβάρας	39	Β' Αθηνών	51	1	22944	13868	392	196	1872	1232	4154	14	46	15	112	388	14	12	25	1340	89	74	73	26	110	602	53	137	7	4	0	0	0	1785	171	0	14	83	25	13	23	7	90	34	22	865	46	38	150	93	10
9180	Αγιων Αναργύρων - Καματερού	39	Β' Αθηνών	97	2	44315	28154	681	272	4534	2584	8988	16	69	8	165	775	15	20	35	2808	159	255	331	30	236	1041	87	293	8	14	0	0	0	1889	402	0	45	173	56	19	48	72	248	102	49	1832	216	49	288	171	24
9181	Αιγάλεω	39	Β' Αθηνών	134	1	61616	36122	900	332	5454	3424	12453	18	56	12	298	834	19	25	38	3576	195	223	379	42	358	1270	61	339	20	9	0	0	0	2385	481	0	53	210	103	27	105	45	334	147	44	2163	243	48	367	242	22
9182	Ιλίου	39	Β' Αθηνών	119	1	53662	33891	814	309	5154	2918	11231	22	55	11	228	785	22	18	82	3336	216	230	295	51	377	1341	56	355	13	12	0	0	0	2488	525	0	60	196	77	35	71	53	343	149	44	2129	212	53	377	247	24
9183	Περιστερίου	39	Β' Αθηνών	250	1	112757	66634	1467	486	10397	6592	23242	28	104	21	457	1660	35	44	51	6420	373	369	847	71	707	2410	112	688	28	13	0	0	0	4274	634	0	94	354	157	54	100	85	628	231	82	3708	437	101	646	339	41
9184	Πετρουπόλεως	39	Β' Αθηνών	86	1	38971	26077	524	256	3911	2887	8471	19	62	6	162	623	7	15	30	2354	191	131	332	29	323	901	76	291	7	6	0	0	0	1956	366	0	41	136	53	19	53	36	245	103	43	1467	204	55	282	168	16
9185	Χαϊδαρίου	39	Β' Αθηνών	74	1	34064	23260	463	215	3662	2305	7112	9	54	10	175	598	13	18	57	2260	145	160	286	24	293	939	72	199	14	6	0	0	0	1761	293	0	36	130	46	16	41	21	385	107	31	1364	186	46	237	139	10
9186	Αθηναίων	38	Α' Αθηνών	1112	1	509074	267091	4499	1822	65677	16576	72234	94	291	78	1682	6947	221	96	234	27728	1599	816	2495	174	3990	8246	513	2484	67	71	0	0	0	18263	2705	0	431	1271	726	143	662	285	2681	1077	256	18810	3229	291	2310	1488	150
9187	Βύρωνος	39	Β' Αθηνών	100	1	45271	27432	529	204	5208	2524	8941	8	41	14	188	699	18	9	24	2194	152	63	316	25	302	869	67	217	4	7	0	0	0	1971	303	0	28	142	59	7	71	55	305	98	28	1739	284	21	253	157	21
9188	Γαλατσίου	39	Β' Αθηνών	86	1	38891	26921	522	206	4796	2190	8304	15	42	13	205	698	19	19	20	2364	157	149	280	38	398	882	55	315	19	7	0	0	0	2122	399	0	38	162	47	17	61	59	276	128	34	1811	265	40	311	152	14
9189	Δάφνης - Υμηττού	39	Β' Αθηνών	69	2	31097	17445	308	121	3471	1436	5509	8	26	5	134	487	13	13	27	1416	98	99	160	18	207	595	38	161	5	7	0	0	0	1238	202	0	15	105	54	14	39	25	156	57	20	1127	163	16	169	104	8
9190	Ζωγράφου	39	Β' Αθηνών	112	1	50978	32305	549	259	7205	2465	9429	13	47	11	220	790	12	15	13	2585	217	121	384	29	458	965	57	392	3	7	0	0	0	2275	366	0	53	165	68	12	74	68	369	135	43	2385	306	30	282	218	18
9191	Ηλιουπόλεως	39	Β' Αθηνών	133	1	60159	39789	718	323	7061	3100	12746	80	103	13	260	924	33	10	30	3057	251	248	392	29	499	1291	75	321	12	7	0	0	0	3232	537	0	54	241	102	21	95	85	483	145	54	2977	440	57	443	266	15
9192	Καισαριανής	39	Β' Αθηνών	54	1	26938	15882	373	136	2838	1944	5089	7	26	7	114	343	16	6	15	1482	102	59	151	14	188	399	39	124	5	2	0	0	0	957	130	0	19	80	41	11	34	25	124	34	19	1021	124	20	135	122	16
9193	Φιλαδέλφειας - Χαλκηδόνος	39	Β' Αθηνών	71	2	31621	19736	437	156	3609	1619	6389	8	34	7	151	509	16	12	17	1807	95	99	226	21	233	640	33	131	4	4	0	0	0	1472	249	0	25	105	42	9	43	39	200	83	16	1239	225	34	162	114	15
9194	Αγίου Δημητρίου	39	Β' Αθηνών	98	1	44753	29188	633	254	5005	2460	9049	29	67	10	234	774	34	18	22	2700	202	226	238	19	355	1084	54	309	22	12	0	0	0	2231	416	0	52	200	63	13	46	23	274	123	46	1922	272	37	334	185	28
9195	Αλίμου	39	Β' Αθηνών	70	1	31348	20950	342	182	5086	1159	5820	25	15	5	136	561	16	9	16	1617	97	110	173	15	314	752	33	142	0	14	0	0	0	1821	260	0	20	146	57	16	34	18	237	132	29	1288	356	30	235	146	10
9196	Γλυφάδας	39	Β' Αθηνών	136	1	62052	40368	688	359	11189	1958	9735	18	58	9	310	1102	42	20	22	3188	235	239	261	36	500	1552	84	329	13	14	0	0	0	3495	528	0	50	244	132	33	69	39	531	217	54	2629	618	65	468	261	21
9197	Ελληνικού - Αργυρούπολης	39	Β' Αθηνών	84	2	37182	25230	519	263	4737	2087	7359	10	52	10	216	825	30	18	32	1957	119	156	225	23	282	910	37	236	9	8	0	0	0	2191	336	0	30	179	62	16	48	34	338	119	25	1711	282	42	325	144	10
9198	Καλλιθέας	39	Β' Αθηνών	176	1	79601	44655	1097	484	8350	3604	12784	61	111	20	396	1580	48	32	37	4475	212	182	354	55	597	1712	67	362	26	23	0	0	0	3060	576	0	120	256	142	45	62	69	481	155	57	3222	312	92	474	407	37
9199	Μοσχάτου - Ταύρου	39	Β' Αθηνών	83	2	37316	20480	479	235	3511	1743	6355	8	37	13	183	554	31	14	21	2049	117	123	191	29	215	708	28	200	11	9	0	0	0	1464	266	0	21	121	52	18	40	24	213	91	29	1269	165	31	250	264	12
9200	Νέας Σμύρνης	39	Β' Αθηνών	124	1	56527	34894	537	253	7867	2063	10294	11	47	20	227	898	30	18	53	2166	166	94	425	31	581	1156	61	228	5	16	0	0	0	3160	449	0	39	205	96	24	92	49	498	168	34	2442	521	49	407	190	14
9201	Παλαιού Φαλήρου	39	Β' Αθηνών	111	1	50500	30454	464	191	8793	1441	7682	16	27	3	229	894	35	21	22	2144	135	99	210	16	413	1057	41	253	4	27	0	0	0	2654	370	0	45	184	78	33	58	24	393	128	28	1802	544	41	318	177	15
9202	Κερατσινίου - Δραπετσώνας	41	Β' Πειραιώς	166	2	74824	42839	1016	428	6030	4307	14258	33	128	84	338	1283	74	29	30	4513	288	398	322	80	391	1643	74	204	18	20	0	2	17	2845	605	0	52	249	158	43	67	67	361	135	52	2440	217	100	523	326	35
9203	Κορυδαλλού	41	Β' Πειραιώς	113	1	50592	31173	624	285	4487	2978	10283	20	68	23	324	898	36	20	32	3004	175	185	315	33	273	1442	61	214	20	11	0	0	0	2270	471	0	47	233	88	22	70	18	277	105	48	1707	206	66	401	225	17
9204	Νίκαιας - Αγίου Ιωάννη Ρέντη	41	Β' Πειραιώς	212	2	95691	50070	1079	413	6965	5341	17161	19	126	27	382	1370	94	27	51	5273	294	297	421	47	506	1955	77	289	38	15	0	0	0	3212	635	0	62	251	184	55	97	39	404	116	62	2941	271	107	556	275	28
9205	Πειραιώς	40	Α' Πειραιώς	356	1	160815	88323	1717	799	20136	5386	24204	41	148	46	735	2651	110	65	52	9471	449	563	677	131	898	3817	170	395	29	34	0	4	0	6247	1156	0	177	450	363	81	197	86	932	356	100	5454	743	151	923	643	52
9206	Περάματος	41	Β' Πειραιώς	52	1	23458	13208	407	185	2094	1144	3976	9	37	18	106	404	20	10	11	1822	70	177	85	27	86	554	26	91	5	5	0	0	0	828	171	0	30	85	38	10	30	16	109	39	12	644	65	47	186	112	9
9207	Αγκιστρίου	40	Α' Πειραιώς	2	1	1083	566	20	14	159	13	88	0	2	0	1	16	0	0	2	75	3	23	0	0	3	33	3	1	0	0	0	0	0	35	1	0	0	3	0	1	1	0	2	1	2	79	3	0	7	9	0
9208	Αίγινας	40	Α' Πειραιώς	29	1	13376	8231	281	157	2089	266	1844	7	15	5	61	238	17	13	7	782	62	201	38	24	97	305	27	48	2	6	0	0	0	543	227	0	13	54	29	15	10	13	71	29	18	597	261	19	103	67	8
9209	Κυθήρων	40	Α' Πειραιώς	20	2	7149	2590	74	73	739	116	663	2	1	2	31	69	6	1	5	168	12	39	22	3	41	80	5	21	1	0	0	0	0	186	15	0	5	16	3	4	8	0	22	6	11	189	23	26	31	16	2
9210	Πόρου	40	Α' Πειραιώς	10	1	4595	2381	36	23	660	88	547	0	4	3	12	92	1	1	0	291	31	16	1	2	28	63	5	15	2	3	0	0	0	132	69	0	4	11	1	3	6	2	40	5	7	176	23	6	19	10	2
9211	Σαλαμίνας	41	Β' Πειραιώς	70	2	31397	21937	658	298	4134	935	5715	16	56	14	177	1104	29	14	14	3472	141	285	78	69	149	1125	74	181	16	13	0	0	0	1323	214	0	41	152	40	27	33	28	195	70	52	1242	118	51	201	298	41
9212	Σπετσών	40	Α' Πειραιώς	10	1	4395	2126	40	24	775	27	400	0	1	0	4	50	2	2	2	178	7	54	2	3	11	76	0	7	1	0	0	0	0	168	16	0	3	18	3	6	0	1	8	18	2	117	26	1	19	114	4
9213	Τροιζηνίας	40	Α' Πειραιώς	23	2	8125	4766	157	79	1347	109	983	2	5	2	18	151	10	5	5	690	19	53	20	15	50	172	21	47	3	0	0	0	0	234	38	0	4	26	10	4	8	3	105	14	26	430	31	13	33	50	10
9214	Υδρας	40	Α' Πειραιώς	7	1	3231	2038	96	47	652	70	391	0	3	0	13	42	1	2	2	171	7	63	12	6	33	75	20	7	0	0	0	0	0	166	9	0	4	9	7	5	0	2	27	6	6	155	24	6	15	23	4
9215	Αχαρνών	42	Αττικής	149	2	68871	42124	1353	720	5986	3224	11427	49	180	46	299	1429	89	48	45	6664	246	443	254	97	340	1833	160	390	42	27	0	0	0	2542	611	0	110	288	111	51	67	51	384	158	143	2282	367	123	552	883	83
